Date,Open,High,Low,Close,Adj Close,Volume,Bank_ID
2019-04-02,5530.0,5570.0,5480.0,5500.0,4896.96142578125,36853000,BBCA
2019-04-03,5500.0,5500.0,5500.0,5500.0,4896.96142578125,0,BBCA
2019-04-04,5540.0,5560.0,5490.0,5540.0,4932.57568359375,48112000,BBCA
2019-04-05,5560.0,5560.0,5525.0,5530.0,4923.67236328125,21913500,BBCA
2019-04-08,5505.0,5540.0,5450.0,5480.0,4879.1533203125,39910000,BBCA
2019-04-09,5535.0,5550.0,5515.0,5535.0,4928.12353515625,29447000,BBCA
2019-04-10,5550.0,5555.0,5515.0,5525.0,4919.2197265625,19508500,BBCA
2019-04-11,5560.0,5560.0,5480.0,5480.0,4879.1533203125,25356000,BBCA
2019-04-12,5460.0,5510.0,5460.0,5500.0,4896.96142578125,18577000,BBCA
2019-04-15,5560.0,5570.0,5490.0,5505.0,4901.4130859375,68152000,BBCA
2019-04-16,5495.0,5505.0,5475.0,5495.0,4892.50927734375,71017000,BBCA
2019-04-17,5495.0,5495.0,5495.0,5495.0,4892.50927734375,0,BBCA
2019-04-18,5600.0,5805.0,5580.0,5625.0,5008.25537109375,129332500,BBCA
2019-04-19,5625.0,5625.0,5625.0,5625.0,5008.25537109375,0,BBCA
2019-04-22,5625.0,5680.0,5585.0,5625.0,5008.25537109375,62837500,BBCA
2019-04-23,5680.0,5710.0,5595.0,5630.0,5012.7080078125,48654000,BBCA
2019-04-24,5640.0,5640.0,5600.0,5630.0,5058.53125,46975000,BBCA
2019-04-25,5535.0,5620.0,5525.0,5595.0,5027.0830078125,61482500,BBCA
2019-04-26,5585.0,5645.0,5570.0,5620.0,5049.54541015625,66204500,BBCA
2019-04-29,5610.0,5695.0,5595.0,5685.0,5107.947265625,65480500,BBCA
2019-04-30,5670.0,5760.0,5670.0,5750.0,5166.35009765625,107607500,BBCA
2019-05-01,5750.0,5750.0,5750.0,5750.0,5166.35009765625,0,BBCA
2019-05-02,5800.0,5810.0,5675.0,5685.0,5107.947265625,80879500,BBCA
2019-05-03,5680.0,5750.0,5615.0,5675.0,5098.9638671875,58244500,BBCA
2019-05-06,5600.0,5660.0,5595.0,5620.0,5049.54541015625,36649500,BBCA
2019-05-07,5675.0,5710.0,5650.0,5660.0,5085.48486328125,59177000,BBCA
2019-05-08,5600.0,5700.0,5595.0,5700.0,5121.42529296875,59062000,BBCA
2019-05-09,5700.0,5700.0,5625.0,5630.0,5058.53125,126636500,BBCA
2019-05-10,5610.0,5680.0,5600.0,5610.0,5040.56103515625,76130500,BBCA
2019-05-13,5680.0,5695.0,5600.0,5610.0,5040.56103515625,63720500,BBCA
2019-05-14,5560.0,5630.0,5495.0,5495.0,4937.23388671875,114800500,BBCA
2019-05-15,5555.0,5555.0,5445.0,5460.0,4905.78662109375,72065000,BBCA
2019-05-16,5460.0,5480.0,5280.0,5280.0,4744.0576171875,87939000,BBCA
2019-05-17,5280.0,5310.0,5180.0,5180.0,4654.20751953125,74207000,BBCA
2019-05-20,5180.0,5390.0,5140.0,5380.0,4833.90673828125,54764500,BBCA
2019-05-21,5470.0,5495.0,5400.0,5460.0,4905.78662109375,97371000,BBCA
2019-05-22,5530.0,5530.0,5400.0,5460.0,4905.78662109375,38519000,BBCA
2019-05-23,5440.0,5605.0,5340.0,5605.0,5036.068359375,54926000,BBCA
2019-05-24,5610.0,5630.0,5605.0,5610.0,5040.56103515625,37402000,BBCA
2019-05-27,5535.0,5700.0,5530.0,5685.0,5107.947265625,68564000,BBCA
2019-05-28,5655.0,5770.0,5655.0,5735.0,5152.87255859375,209923000,BBCA
2019-05-29,5800.0,5895.0,5730.0,5740.0,5157.36474609375,133044500,BBCA
2019-05-30,5740.0,5740.0,5740.0,5740.0,5157.36474609375,0,BBCA
2019-05-31,5740.0,5870.0,5735.0,5820.0,5229.244140625,96875000,BBCA
2019-06-03,5820.0,5820.0,5820.0,5820.0,5229.244140625,0,BBCA
2019-06-04,5820.0,5820.0,5820.0,5820.0,5229.244140625,0,BBCA
2019-06-05,5820.0,5820.0,5820.0,5820.0,5229.244140625,0,BBCA
2019-06-06,5820.0,5820.0,5820.0,5820.0,5229.244140625,0,BBCA
2019-06-07,5820.0,5820.0,5820.0,5820.0,5229.244140625,0,BBCA
2019-06-10,6000.0,6190.0,5810.0,5880.0,5283.154296875,179238000,BBCA
2019-06-11,5900.0,5960.0,5845.0,5910.0,5310.109375,72901000,BBCA
2019-06-12,5840.0,5900.0,5820.0,5845.0,5251.70751953125,69255500,BBCA
2019-06-13,5885.0,5885.0,5790.0,5805.0,5215.767578125,78802500,BBCA
2019-06-14,5845.0,5845.0,5790.0,5800.0,5211.27490234375,57220500,BBCA
2019-06-17,5810.0,5840.0,5790.0,5795.0,5206.783203125,83624000,BBCA
2019-06-18,5795.0,5900.0,5795.0,5900.0,5301.1240234375,78788000,BBCA
2019-06-19,5900.0,5960.0,5890.0,5940.0,5337.06396484375,66944500,BBCA
2019-06-20,5900.0,5940.0,5805.0,5910.0,5310.109375,59504500,BBCA
2019-06-21,5910.0,5935.0,5840.0,5880.0,5283.154296875,144149000,BBCA
2019-06-24,5895.0,5900.0,5865.0,5875.0,5278.66259765625,30084000,BBCA
2019-06-25,5930.0,5960.0,5875.0,5910.0,5310.109375,40561500,BBCA
2019-06-26,5940.0,5940.0,5860.0,5865.0,5269.67724609375,59334500,BBCA
2019-06-27,5850.0,5935.0,5805.0,5935.0,5332.57177734375,77525000,BBCA
2019-06-28,5980.0,5995.0,5960.0,5995.0,5386.4814453125,80919000,BBCA
2019-07-01,5995.0,6025.0,5965.0,5990.0,5381.98876953125,56612500,BBCA
2019-07-02,5990.0,6000.0,5950.0,6000.0,5390.97412109375,48563500,BBCA
2019-07-03,5950.0,6000.0,5940.0,6000.0,5390.97412109375,43640000,BBCA
2019-07-04,6000.0,6010.0,5965.0,5990.0,5381.98876953125,28224500,BBCA
2019-07-05,6020.0,6020.0,5970.0,5970.0,5364.01953125,32722500,BBCA
2019-07-08,5935.0,5960.0,5865.0,5880.0,5283.154296875,38361000,BBCA
2019-07-09,5870.0,6000.0,5870.0,6000.0,5390.97412109375,47740500,BBCA
2019-07-10,6000.0,6040.0,5995.0,6000.0,5390.97412109375,52183500,BBCA
2019-07-11,6020.0,6025.0,5980.0,6025.0,5413.43603515625,34279500,BBCA
2019-07-12,6000.0,6030.0,5995.0,6010.0,5399.958984375,29838000,BBCA
2019-07-15,6060.0,6115.0,6035.0,6105.0,5485.31689453125,61453500,BBCA
2019-07-16,6080.0,6105.0,6070.0,6085.0,5467.3466796875,38075000,BBCA
2019-07-17,6080.0,6150.0,6045.0,6150.0,5525.74853515625,45487000,BBCA
2019-07-18,6100.0,6170.0,6055.0,6145.0,5521.25634765625,43625500,BBCA
2019-07-19,6195.0,6210.0,6150.0,6200.0,5570.6728515625,43973500,BBCA
2019-07-22,6260.0,6290.0,6200.0,6290.0,5651.5380859375,37314500,BBCA
2019-07-23,6240.0,6290.0,6205.0,6235.0,5602.12060546875,39129500,BBCA
2019-07-24,6260.0,6265.0,6165.0,6250.0,5615.59765625,51343500,BBCA
2019-07-25,6270.0,6275.0,6200.0,6250.0,5615.59765625,53477500,BBCA
2019-07-26,6250.0,6250.0,6190.0,6195.0,5566.1806640625,51797500,BBCA
2019-07-29,6220.0,6230.0,6160.0,6190.0,5561.6884765625,68509500,BBCA
2019-07-30,6205.0,6250.0,6190.0,6220.0,5588.64306640625,38225500,BBCA
2019-07-31,6190.0,6240.0,6180.0,6190.0,5561.6884765625,64129000,BBCA
2019-08-01,6190.0,6270.0,6185.0,6210.0,5579.65869140625,78228000,BBCA
2019-08-02,6160.0,6205.0,6160.0,6165.0,5539.2265625,62989500,BBCA
2019-08-05,6215.0,6215.0,6000.0,6000.0,5390.97412109375,90924000,BBCA
2019-08-06,5880.0,5955.0,5765.0,5880.0,5283.154296875,183296000,BBCA
2019-08-07,5975.0,6050.0,5905.0,6010.0,5399.958984375,92102000,BBCA
2019-08-08,6010.0,6080.0,5980.0,6005.0,5395.46630859375,58295500,BBCA
2019-08-09,6055.0,6120.0,6055.0,6065.0,5449.37646484375,48118500,BBCA
2019-08-12,6070.0,6080.0,6000.0,6040.0,5426.9140625,52705000,BBCA
2019-08-13,6000.0,6040.0,6000.0,6015.0,5404.4521484375,84406000,BBCA
2019-08-14,6040.0,6060.0,5980.0,6010.0,5399.958984375,81942000,BBCA
2019-08-15,5920.0,6000.0,5860.0,6000.0,5390.97412109375,52561500,BBCA
2019-08-16,6040.0,6040.0,5960.0,5960.0,5355.03369140625,49821500,BBCA
2019-08-19,6030.0,6030.0,5965.0,6015.0,5404.4521484375,30619000,BBCA
2019-08-20,6035.0,6035.0,5985.0,5985.0,5377.49658203125,58393500,BBCA
2019-08-21,6000.0,6005.0,5975.0,5975.0,5368.5126953125,55927500,BBCA
2019-08-22,5925.0,6000.0,5920.0,6000.0,5390.97412109375,65888000,BBCA
2019-08-23,5920.0,5995.0,5905.0,5995.0,5386.4814453125,33083500,BBCA
2019-08-26,5940.0,6000.0,5860.0,5990.0,5381.98876953125,41388500,BBCA
2019-08-27,6040.0,6040.0,5950.0,6005.0,5395.46630859375,123780000,BBCA
2019-08-28,6000.0,6020.0,5985.0,5995.0,5386.4814453125,55688000,BBCA
2019-08-29,5990.0,6025.0,5985.0,6005.0,5395.46630859375,51525500,BBCA
2019-08-30,6080.0,6100.0,6005.0,6100.0,5480.8232421875,73650000,BBCA
2019-09-02,6100.0,6100.0,6000.0,6000.0,5390.97412109375,42429000,BBCA
2019-09-03,6000.0,6055.0,6000.0,6055.0,5440.39208984375,42743500,BBCA
2019-09-04,6060.0,6060.0,6005.0,6020.0,5408.94482421875,41979000,BBCA
2019-09-05,6085.0,6085.0,6015.0,6040.0,5426.9140625,53650500,BBCA
2019-09-06,6060.0,6060.0,6025.0,6025.0,5413.43603515625,54349000,BBCA
2019-09-09,6050.0,6055.0,5980.0,6035.0,5422.42138671875,25912000,BBCA
2019-09-10,6020.0,6055.0,5985.0,6055.0,5440.39208984375,40291000,BBCA
2019-09-11,6050.0,6100.0,6010.0,6100.0,5480.8232421875,45243500,BBCA
2019-09-12,6100.0,6105.0,6010.0,6020.0,5408.94482421875,40034000,BBCA
2019-09-13,6080.0,6090.0,6010.0,6030.0,5417.927734375,28419500,BBCA
2019-09-16,6000.0,6015.0,5985.0,6005.0,5395.46630859375,77289000,BBCA
2019-09-17,5990.0,6035.0,5985.0,6030.0,5417.927734375,92037500,BBCA
2019-09-18,5990.0,6040.0,5990.0,6040.0,5426.9140625,28667000,BBCA
2019-09-19,6015.0,6045.0,6000.0,6030.0,5417.927734375,61988500,BBCA
2019-09-20,6050.0,6050.0,5990.0,5990.0,5381.98876953125,133433000,BBCA
2019-09-23,6030.0,6030.0,6000.0,6025.0,5413.43603515625,47231500,BBCA
2019-09-24,5980.0,6000.0,5940.0,5945.0,5341.556640625,79718500,BBCA
2019-09-25,5900.0,5935.0,5780.0,5935.0,5332.57177734375,88620000,BBCA
2019-09-26,6000.0,6060.0,5970.0,6060.0,5444.88427734375,109859000,BBCA
2019-09-27,6005.0,6075.0,6000.0,6070.0,5453.86767578125,48010000,BBCA
2019-09-30,6070.0,6070.0,6005.0,6070.0,5453.86767578125,73391000,BBCA
2019-10-01,6010.0,6065.0,6010.0,6040.0,5426.9140625,40057000,BBCA
2019-10-02,6010.0,6070.0,6010.0,6050.0,5435.89892578125,52376500,BBCA
2019-10-03,6010.0,6045.0,5950.0,6040.0,5426.9140625,50269000,BBCA
2019-10-04,5980.0,6065.0,5980.0,6045.0,5431.40625,56890500,BBCA
2019-10-07,6070.0,6080.0,6050.0,6070.0,5453.86767578125,56705500,BBCA
2019-10-08,6080.0,6100.0,6015.0,6100.0,5480.8232421875,46997500,BBCA
2019-10-09,6100.0,6100.0,6050.0,6070.0,5453.86767578125,41496500,BBCA
2019-10-10,6020.0,6110.0,6020.0,6110.0,5489.8076171875,65806500,BBCA
2019-10-11,6080.0,6155.0,6080.0,6125.0,5503.28662109375,40863500,BBCA
2019-10-14,6130.0,6200.0,6130.0,6200.0,5570.6728515625,37514500,BBCA
2019-10-15,6190.0,6190.0,6145.0,6175.0,5548.21044921875,40935000,BBCA
2019-10-16,6200.0,6215.0,6175.0,6215.0,5584.14990234375,65776500,BBCA
2019-10-17,6185.0,6210.0,6105.0,6115.0,5494.30078125,45666500,BBCA
2019-10-18,6160.0,6170.0,6140.0,6160.0,5534.73291015625,41008500,BBCA
2019-10-21,6200.0,6255.0,6185.0,6220.0,5588.64306640625,59971500,BBCA
2019-10-22,6270.0,6300.0,6225.0,6300.0,5660.52197265625,67259500,BBCA
2019-10-23,6300.0,6305.0,6260.0,6275.0,5638.06103515625,62219000,BBCA
2019-10-24,6290.0,6320.0,6270.0,6300.0,5660.52197265625,73101000,BBCA
2019-10-25,6320.0,6325.0,6175.0,6200.0,5570.6728515625,61929500,BBCA
2019-10-28,6200.0,6250.0,6200.0,6205.0,5575.166015625,43249500,BBCA
2019-10-29,6205.0,6240.0,6150.0,6220.0,5588.64306640625,79861500,BBCA
2019-10-30,6280.0,6285.0,6200.0,6265.0,5629.07568359375,60738000,BBCA
2019-10-31,6270.0,6300.0,6250.0,6290.0,5651.5380859375,58420500,BBCA
2019-11-01,6300.0,6325.0,6275.0,6325.0,5682.984375,42080500,BBCA
2019-11-04,6350.0,6380.0,6260.0,6275.0,5638.06103515625,43794500,BBCA
2019-11-05,6350.0,6360.0,6270.0,6360.0,5714.4326171875,66161500,BBCA
2019-11-06,6380.0,6380.0,6295.0,6295.0,5656.0302734375,63393000,BBCA
2019-11-07,6335.0,6335.0,6250.0,6285.0,5647.044921875,61972000,BBCA
2019-11-08,6315.0,6315.0,6250.0,6280.0,5642.552734375,90040500,BBCA
2019-11-11,6335.0,6340.0,6265.0,6295.0,5656.0302734375,70207000,BBCA
2019-11-12,6220.0,6280.0,6220.0,6265.0,5629.07568359375,47635500,BBCA
2019-11-13,6265.0,6285.0,6265.0,6280.0,5642.552734375,40083500,BBCA
2019-11-14,6265.0,6280.0,6210.0,6270.0,5633.5673828125,37862000,BBCA
2019-11-15,6280.0,6290.0,6255.0,6275.0,5638.06103515625,47138000,BBCA
2019-11-18,6245.0,6285.0,6210.0,6280.0,5642.552734375,65599000,BBCA
2019-11-19,6330.0,6350.0,6300.0,6315.0,5674.0009765625,60115000,BBCA
2019-11-20,6255.0,6350.0,6255.0,6350.0,5705.447265625,43229500,BBCA
2019-11-21,6350.0,6350.0,6300.0,6300.0,5660.52197265625,57523500,BBCA
2019-11-22,6280.0,6310.0,6270.0,6305.0,5665.01513671875,56035000,BBCA
2019-11-25,6330.0,6335.0,6275.0,6275.0,5638.06103515625,55133500,BBCA
2019-11-26,6330.0,6330.0,6270.0,6285.0,5647.044921875,192783500,BBCA
2019-11-27,6270.0,6300.0,6240.0,6300.0,5660.52197265625,58833500,BBCA
2019-11-28,6295.0,6295.0,6245.0,6250.0,5615.59765625,44248000,BBCA
2019-11-29,6230.0,6295.0,6225.0,6280.0,5642.552734375,52954500,BBCA
2019-12-02,6280.0,6425.0,6270.0,6425.0,5772.83544921875,49909000,BBCA
2019-12-03,6420.0,6420.0,6345.0,6375.0,5727.91015625,42823000,BBCA
2019-12-04,6360.0,6400.0,6355.0,6365.0,5718.923828125,37552000,BBCA
2019-12-05,6360.0,6385.0,6330.0,6340.0,5696.462890625,54168000,BBCA
2019-12-06,6340.0,6395.0,6320.0,6395.0,5764.06298828125,69920500,BBCA
2019-12-09,6370.0,6395.0,6360.0,6395.0,5764.06298828125,51667500,BBCA
2019-12-10,6395.0,6400.0,6360.0,6365.0,5737.021484375,57654000,BBCA
2019-12-11,6365.0,6385.0,6350.0,6380.0,5750.54345703125,48469000,BBCA
2019-12-12,6400.0,6405.0,6340.0,6340.0,5714.48974609375,79198500,BBCA
2019-12-13,6395.0,6420.0,6350.0,6360.0,5732.51611328125,70822500,BBCA
2019-12-16,6340.0,6395.0,6340.0,6360.0,5732.51611328125,78684000,BBCA
2019-12-17,6395.0,6500.0,6365.0,6500.0,5858.70361328125,102914500,BBCA
2019-12-18,6500.0,6800.0,6440.0,6755.0,6088.54541015625,181804000,BBCA
2019-12-19,6700.0,6720.0,6590.0,6600.0,5948.83740234375,74171000,BBCA
2019-12-20,6680.0,6740.0,6610.0,6660.0,6002.91748046875,99453000,BBCA
2019-12-23,6680.0,6730.0,6650.0,6660.0,6002.91748046875,46558500,BBCA
2019-12-26,6660.0,6725.0,6660.0,6680.0,6020.9443359375,38188500,BBCA
2019-12-27,6670.0,6700.0,6670.0,6695.0,6034.46484375,29945000,BBCA
2019-12-30,6680.0,6720.0,6670.0,6685.0,6025.451171875,61168000,BBCA
2020-01-02,6695.0,6780.0,6680.0,6690.0,6029.9580078125,49445000,BBCA
2020-01-03,6750.0,6800.0,6725.0,6800.0,6129.10498046875,47755500,BBCA
2020-01-06,6720.0,6750.0,6690.0,6735.0,6070.51806640625,27300000,BBCA
2020-01-07,6735.0,6770.0,6730.0,6740.0,6075.025390625,45022500,BBCA
2020-01-08,6670.0,6745.0,6670.0,6680.0,6020.9443359375,53692500,BBCA
2020-01-09,6740.0,6755.0,6730.0,6740.0,6075.025390625,40363500,BBCA
2020-01-10,6765.0,6825.0,6710.0,6725.0,6061.50537109375,73362000,BBCA
2020-01-13,6740.0,6760.0,6735.0,6745.0,6079.53125,67855000,BBCA
2020-01-14,6745.0,6885.0,6740.0,6870.0,6192.19921875,93582000,BBCA
2020-01-15,6870.0,7060.0,6800.0,6835.0,6160.65234375,75623500,BBCA
2020-01-16,6805.0,6890.0,6795.0,6850.0,6174.17236328125,88931500,BBCA
2020-01-17,6840.0,6890.0,6800.0,6875.0,6196.70654296875,38249500,BBCA
2020-01-20,6950.0,6975.0,6830.0,6835.0,6160.65234375,93554500,BBCA
2020-01-21,6885.0,6895.0,6825.0,6830.0,6156.1455078125,103984500,BBCA
2020-01-22,6855.0,6895.0,6835.0,6840.0,6165.1591796875,94311500,BBCA
2020-01-23,6885.0,6895.0,6830.0,6840.0,6165.1591796875,87728000,BBCA
2020-01-24,6820.0,6880.0,6810.0,6810.0,6138.1181640625,69653500,BBCA
2020-01-27,6865.0,6940.0,6815.0,6840.0,6165.1591796875,39679000,BBCA
2020-01-28,6835.0,6845.0,6755.0,6790.0,6120.091796875,82615000,BBCA
2020-01-29,6800.0,6845.0,6770.0,6785.0,6115.5859375,43821000,BBCA
2020-01-30,6845.0,6845.0,6730.0,6740.0,6075.025390625,71990000,BBCA
2020-01-31,6800.0,6805.0,6480.0,6480.0,5840.67626953125,163136500,BBCA
2020-02-03,6480.0,6585.0,6370.0,6440.0,5804.623046875,149797000,BBCA
2020-02-04,6570.0,6620.0,6520.0,6600.0,5948.83740234375,113316500,BBCA
2020-02-05,6780.0,6780.0,6650.0,6730.0,6066.01123046875,123002500,BBCA
2020-02-06,6740.0,6780.0,6680.0,6740.0,6075.025390625,154693500,BBCA
2020-02-07,6710.0,6780.0,6705.0,6760.0,6093.05224609375,82609000,BBCA
2020-02-10,6760.0,6785.0,6630.0,6785.0,6115.5859375,66578500,BBCA
2020-02-11,6785.0,6785.0,6745.0,6780.0,6111.07763671875,77526500,BBCA
2020-02-12,6800.0,6800.0,6760.0,6800.0,6129.10498046875,69971500,BBCA
2020-02-13,6820.0,6820.0,6740.0,6790.0,6120.091796875,49737000,BBCA
2020-02-14,6780.0,6795.0,6675.0,6680.0,6020.9443359375,147028500,BBCA
2020-02-17,6680.0,6750.0,6680.0,6720.0,6056.998046875,115319000,BBCA
2020-02-18,6685.0,6720.0,6670.0,6695.0,6034.46484375,98436500,BBCA
2020-02-19,6665.0,6760.0,6665.0,6695.0,6034.46484375,74594000,BBCA
2020-02-20,6690.0,6695.0,6565.0,6595.0,5944.33056640625,136724500,BBCA
2020-02-21,6600.0,6660.0,6595.0,6615.0,5962.35791015625,98261000,BBCA
2020-02-24,6565.0,6600.0,6510.0,6525.0,5881.23681640625,84910000,BBCA
2020-02-25,6550.0,6560.0,6510.0,6530.0,5885.744140625,86446500,BBCA
2020-02-26,6500.0,6535.0,6420.0,6420.0,5786.5966796875,92824500,BBCA
2020-02-27,6470.0,6475.0,6200.0,6290.0,5669.4228515625,129254500,BBCA
2020-02-28,6200.0,6290.0,6035.0,6290.0,5669.4228515625,169946500,BBCA
2020-03-02,6290.0,6290.0,6035.0,6080.0,5480.14111328125,144871500,BBCA
2020-03-03,6200.0,6350.0,6200.0,6320.0,5696.46240234375,114663500,BBCA
2020-03-04,6315.0,6500.0,6260.0,6440.0,5804.623046875,83025000,BBCA
2020-03-05,6540.0,6540.0,6340.0,6435.0,5800.11669921875,77583000,BBCA
2020-03-06,6350.0,6350.0,6200.0,6200.0,5588.3017578125,77835500,BBCA
2020-03-09,6000.0,6040.0,5785.0,5785.0,5214.24609375,140889500,BBCA
2020-03-10,5840.0,6010.0,5840.0,5925.0,5340.43408203125,133667000,BBCA
2020-03-11,5950.0,5980.0,5790.0,5850.0,5272.8330078125,93204500,BBCA
2020-03-12,5600.0,5640.0,5460.0,5560.0,5011.44482421875,129845500,BBCA
2020-03-13,5560.0,5560.0,5560.0,5560.0,5011.44482421875,0,BBCA
2020-03-16,5560.0,5560.0,5560.0,5560.0,5011.44482421875,0,BBCA
2020-03-17,5495.0,5505.0,5120.0,5120.0,4614.85498046875,212200000,BBCA
2020-03-18,5120.0,5380.0,4765.0,5000.0,4506.69482421875,180053500,BBCA
2020-03-19,4995.0,4995.0,4650.0,4650.0,4191.22607421875,264419000,BBCA
2020-03-20,4600.0,5385.0,4325.0,4735.0,4267.83984375,335132000,BBCA
2020-03-23,4760.0,5000.0,4405.0,4430.0,3992.931640625,217843500,BBCA
2020-03-24,4450.0,4995.0,4450.0,4500.0,4056.025390625,253971000,BBCA
2020-03-26,4650.0,5395.0,4650.0,5280.0,4759.0703125,331633000,BBCA
2020-03-27,5360.0,5895.0,5355.0,5510.0,4966.37744140625,269683000,BBCA
2020-03-30,5480.0,5555.0,5155.0,5495.0,4952.85791015625,159964500,BBCA
2020-03-31,5660.0,5710.0,5485.0,5525.0,4979.8984375,182638500,BBCA
2020-04-01,5560.0,5750.0,5425.0,5480.0,4939.33740234375,152831500,BBCA
2020-04-02,5470.0,5470.0,5360.0,5410.0,4876.244140625,136623500,BBCA
2020-04-03,5460.0,5530.0,5365.0,5495.0,4952.85791015625,110506000,BBCA
2020-04-06,5520.0,5740.0,5495.0,5735.0,5169.17919921875,78184000,BBCA
2020-04-07,5735.0,6100.0,5580.0,5655.0,5097.072265625,149153500,BBCA
2020-04-08,5655.0,5660.0,5480.0,5635.0,5079.0458984375,106111500,BBCA
2020-04-09,5600.0,5695.0,5500.0,5595.0,5042.99169921875,89997000,BBCA
2020-04-13,5540.0,5615.0,5480.0,5500.0,4957.3642578125,58043000,BBCA
2020-04-14,5505.0,5590.0,5445.0,5515.0,4970.884765625,95796000,BBCA
2020-04-15,5515.0,5630.0,5445.0,5485.0,4943.84423828125,95342000,BBCA
2020-04-16,5485.0,5520.0,5185.0,5240.0,4723.01611328125,176990500,BBCA
2020-04-17,5300.0,5445.0,5280.0,5425.0,4889.76513671875,160935500,BBCA
2020-04-20,5430.0,5500.0,5330.0,5355.0,4826.67041015625,90744000,BBCA
2020-04-21,5355.0,5355.0,5160.0,5160.0,4731.31103515625,73431000,BBCA
2020-04-22,5160.0,5235.0,5045.0,5145.0,4717.55712890625,107263500,BBCA
2020-04-23,5180.0,5245.0,5120.0,5120.0,4694.63330078125,105419500,BBCA
2020-04-24,5120.0,5140.0,4920.0,4920.0,4511.24951171875,131149500,BBCA
2020-04-27,4940.0,5020.0,4855.0,4960.0,4547.92578125,151103500,BBCA
2020-04-28,4960.0,4975.0,4805.0,4830.0,4428.7265625,180488000,BBCA
2020-04-29,4825.0,4850.0,4800.0,4850.0,4447.06494140625,121161000,BBCA
2020-04-30,4880.0,5250.0,4880.0,5170.0,4740.47998046875,174081000,BBCA
2020-05-04,5150.0,5300.0,5000.0,5220.0,4786.32568359375,114497500,BBCA
2020-05-05,5220.0,5340.0,5200.0,5285.0,4845.92578125,118643500,BBCA
2020-05-06,5315.0,5370.0,5300.0,5355.0,4910.1103515625,86395500,BBCA
2020-05-08,5345.0,5400.0,5150.0,5245.0,4809.2490234375,123028000,BBCA
2020-05-11,5245.0,5325.0,5245.0,5295.0,4855.09521484375,40615500,BBCA
2020-05-12,5340.0,5340.0,5030.0,5220.0,4786.32568359375,118660000,BBCA
2020-05-13,5160.0,5170.0,5085.0,5110.0,4685.46484375,94973000,BBCA
2020-05-14,5070.0,5110.0,4905.0,4920.0,4511.24951171875,131268000,BBCA
2020-05-15,4920.0,4995.0,4680.0,4785.0,4387.46533203125,205790000,BBCA
2020-05-18,4800.0,4845.0,4750.0,4765.0,4369.126953125,139997500,BBCA
2020-05-19,4840.0,4960.0,4680.0,4680.0,4291.18896484375,128504500,BBCA
2020-05-20,4720.0,4800.0,4690.0,4765.0,4369.126953125,119158000,BBCA
2020-05-26,4775.0,5000.0,4775.0,4970.0,4557.095703125,176076500,BBCA
2020-05-27,4970.0,5000.0,4855.0,4965.0,4552.5107421875,151753500,BBCA
2020-05-28,5000.0,5320.0,5000.0,5295.0,4855.09521484375,229233000,BBCA
2020-05-29,5295.0,5295.0,5190.0,5190.0,4758.81787109375,399414000,BBCA
2020-06-02,5260.0,5500.0,5240.0,5360.0,4914.6943359375,181369500,BBCA
2020-06-03,5410.0,5780.0,5400.0,5780.0,5299.80126953125,279673500,BBCA
2020-06-04,5780.0,5990.0,5600.0,5790.0,5308.97119140625,236158500,BBCA
2020-06-05,5790.0,5855.0,5585.0,5725.0,5249.37158203125,88157500,BBCA
2020-06-08,5755.0,5925.0,5755.0,5900.0,5409.83203125,173557500,BBCA
2020-06-09,5940.0,5995.0,5795.0,5805.0,5322.724609375,100110000,BBCA
2020-06-10,5800.0,5865.0,5595.0,5800.0,5318.1396484375,115382500,BBCA
2020-06-11,5750.0,5810.0,5605.0,5680.0,5208.10986328125,85187500,BBCA
2020-06-12,5680.0,5680.0,5480.0,5670.0,5198.93994140625,96044000,BBCA
2020-06-15,5680.0,5710.0,5500.0,5500.0,5043.0634765625,100844500,BBCA
2020-06-16,5580.0,5795.0,5580.0,5760.0,5281.46337890625,91518500,BBCA
2020-06-17,5800.0,5800.0,5680.0,5720.0,5244.78662109375,79800000,BBCA
2020-06-18,5720.0,5740.0,5585.0,5585.0,5121.001953125,68032000,BBCA
2020-06-19,5600.0,5650.0,5545.0,5575.0,5111.8330078125,110071000,BBCA
2020-06-22,5595.0,5660.0,5530.0,5540.0,5079.74072265625,51590500,BBCA
2020-06-23,5570.0,5660.0,5520.0,5620.0,5153.09375,69954000,BBCA
2020-06-24,5650.0,5760.0,5640.0,5705.0,5231.03271484375,57333000,BBCA
2020-06-25,5700.0,5745.0,5640.0,5725.0,5249.37158203125,51415000,BBCA
2020-06-26,5720.0,5760.0,5640.0,5645.0,5176.01708984375,57467500,BBCA
2020-06-29,5640.0,5695.0,5585.0,5675.0,5203.525390625,48796500,BBCA
2020-06-30,5700.0,5740.0,5660.0,5695.0,5221.86328125,74474000,BBCA
2020-07-01,5700.0,5800.0,5675.0,5800.0,5318.1396484375,63959000,BBCA
2020-07-02,5775.0,5870.0,5760.0,5870.0,5382.32421875,75585500,BBCA
2020-07-03,5870.0,5905.0,5840.0,5870.0,5382.32421875,52219000,BBCA
2020-07-06,5860.0,5935.0,5850.0,5935.0,5441.92431640625,67800000,BBCA
2020-07-07,5940.0,5995.0,5900.0,5990.0,5492.3544921875,74168000,BBCA
2020-07-08,5990.0,6265.0,5980.0,6200.0,5684.908203125,106444500,BBCA
2020-07-09,6210.0,6240.0,6030.0,6100.0,5593.21533203125,93543500,BBCA
2020-07-10,6100.0,6240.0,6080.0,6200.0,5684.908203125,67224000,BBCA
2020-07-13,6230.0,6240.0,6140.0,6175.0,5661.9853515625,86006000,BBCA
2020-07-14,6175.0,6200.0,6110.0,6200.0,5684.908203125,45616500,BBCA
2020-07-15,6200.0,6240.0,6150.0,6150.0,5639.06201171875,61468000,BBCA
2020-07-16,6150.0,6200.0,6140.0,6180.0,5666.56884765625,66520500,BBCA
2020-07-17,6135.0,6180.0,6040.0,6120.0,5611.55419921875,73348000,BBCA
2020-07-20,6120.0,6160.0,6060.0,6140.0,5629.892578125,59794500,BBCA
2020-07-21,6100.0,6235.0,6100.0,6200.0,5684.908203125,84159500,BBCA
2020-07-22,6210.0,6250.0,6130.0,6180.0,5666.56884765625,44725500,BBCA
2020-07-23,6180.0,6215.0,6140.0,6200.0,5684.908203125,84026500,BBCA
2020-07-24,6200.0,6200.0,6100.0,6100.0,5593.21533203125,58366500,BBCA
2020-07-27,6100.0,6140.0,6000.0,6100.0,5593.21533203125,41972500,BBCA
2020-07-28,6120.0,6200.0,6060.0,6185.0,5671.154296875,65279000,BBCA
2020-07-29,6185.0,6185.0,6100.0,6135.0,5625.30859375,50262500,BBCA
2020-07-30,6135.0,6240.0,6055.0,6240.0,5721.5849609375,80533500,BBCA
2020-08-03,6220.0,6235.0,5825.0,6130.0,5620.7236328125,137079000,BBCA
2020-08-04,6155.0,6220.0,6130.0,6210.0,5694.07763671875,79357000,BBCA
2020-08-05,6200.0,6220.0,6100.0,6205.0,5689.4931640625,49393000,BBCA
2020-08-06,6215.0,6295.0,6185.0,6260.0,5739.9228515625,55258500,BBCA
2020-08-07,6265.0,6285.0,6160.0,6180.0,5666.56884765625,43621000,BBCA
2020-08-10,6180.0,6200.0,6105.0,6120.0,5611.55419921875,37774500,BBCA
2020-08-11,6140.0,6200.0,6130.0,6175.0,5661.9853515625,38795500,BBCA
2020-08-12,6175.0,6260.0,6160.0,6260.0,5739.9228515625,35612000,BBCA
2020-08-13,6260.0,6300.0,6180.0,6300.0,5776.599609375,48581000,BBCA
2020-08-14,6300.0,6405.0,6240.0,6405.0,5872.876953125,57316000,BBCA
2020-08-18,6405.0,6425.0,6300.0,6360.0,5831.615234375,81563500,BBCA
2020-08-19,6360.0,6410.0,6310.0,6330.0,5804.107421875,58793500,BBCA
2020-08-24,6340.0,6380.0,6280.0,6315.0,5790.3544921875,66882500,BBCA
2020-08-25,6320.0,6380.0,6305.0,6365.0,5836.19921875,49211000,BBCA
2020-08-26,6385.0,6390.0,6305.0,6340.0,5813.27734375,42983000,BBCA
2020-08-27,6365.0,6600.0,6340.0,6600.0,6051.67626953125,68326000,BBCA
2020-08-28,6560.0,6600.0,6425.0,6495.0,5955.400390625,52292500,BBCA
2020-08-31,6500.0,6540.0,6275.0,6275.0,5753.67724609375,97032000,BBCA
2020-09-01,6280.0,6520.0,6240.0,6520.0,5978.322265625,67446000,BBCA
2020-09-02,6520.0,6560.0,6365.0,6435.0,5900.384765625,66065000,BBCA
2020-09-03,6465.0,6500.0,6300.0,6500.0,5959.984375,68208500,BBCA
2020-09-04,6450.0,6450.0,6265.0,6380.0,5849.95458984375,80613500,BBCA
2020-09-07,6335.0,6360.0,6200.0,6285.0,5762.8466796875,64249500,BBCA
2020-09-08,6285.0,6360.0,6285.0,6335.0,5808.69287109375,39649000,BBCA
2020-09-09,6300.0,6320.0,6210.0,6245.0,5726.16943359375,49285000,BBCA
2020-09-10,6220.0,6220.0,5810.0,5810.0,5327.30908203125,175735000,BBCA
2020-09-11,5800.0,5975.0,5620.0,5905.0,5414.4169921875,403032500,BBCA
2020-09-14,6000.0,6115.0,5985.0,6050.0,5547.3701171875,138115000,BBCA
2020-09-15,6040.0,6100.0,5860.0,5860.0,5373.1552734375,170087000,BBCA
2020-09-16,5860.0,5870.0,5745.0,5750.0,5272.2939453125,158565500,BBCA
2020-09-17,5750.0,5855.0,5665.0,5755.0,5276.87841796875,138796000,BBCA
2020-09-18,5700.0,5735.0,5570.0,5630.0,5162.263671875,316912000,BBCA
2020-09-21,5640.0,5735.0,5595.0,5605.0,5139.34033203125,112443000,BBCA
2020-09-22,5520.0,5565.0,5430.0,5450.0,4997.21728515625,163442500,BBCA
2020-09-23,5450.0,5585.0,5425.0,5505.0,5047.6484375,100517000,BBCA
2020-09-24,5430.0,5535.0,5390.0,5445.0,4992.63330078125,88618500,BBCA
2020-09-25,5480.0,5625.0,5460.0,5610.0,5143.92529296875,100705000,BBCA
2020-09-28,5650.0,5695.0,5500.0,5515.0,5056.81787109375,93522000,BBCA
2020-09-29,5575.0,5635.0,5460.0,5505.0,5047.6484375,117778500,BBCA
2020-09-30,5565.0,5565.0,5420.0,5420.0,4969.70947265625,107377000,BBCA
2020-10-01,5485.0,5570.0,5480.0,5570.0,5107.248046875,56893000,BBCA
2020-10-02,5560.0,5565.0,5440.0,5505.0,5047.6484375,66848000,BBCA
2020-10-05,5515.0,5560.0,5460.0,5520.0,5061.40185546875,58291000,BBCA
2020-10-06,5630.0,5715.0,5600.0,5700.0,5226.44775390625,141955500,BBCA
2020-10-07,5600.0,5755.0,5580.0,5755.0,5276.87841796875,89937500,BBCA
2020-10-08,5790.0,5800.0,5710.0,5780.0,5299.80126953125,77384500,BBCA
2020-10-09,5750.0,5775.0,5720.0,5775.0,5295.21630859375,54250500,BBCA
2020-10-12,5840.0,5875.0,5830.0,5855.0,5368.5703125,82918500,BBCA
2020-10-13,5840.0,5860.0,5770.0,5855.0,5368.5703125,48250500,BBCA
2020-10-14,5840.0,5900.0,5810.0,5900.0,5409.83203125,83117500,BBCA
2020-10-15,5875.0,5880.0,5760.0,5785.0,5304.38623046875,82067000,BBCA
2020-10-16,5785.0,5790.0,5730.0,5760.0,5281.46337890625,89051500,BBCA
2020-10-19,5750.0,5900.0,5710.0,5900.0,5409.83203125,56871500,BBCA
2020-10-20,5880.0,5880.0,5785.0,5805.0,5322.724609375,74995500,BBCA
2020-10-21,5860.0,5865.0,5730.0,5780.0,5299.80126953125,77944000,BBCA
2020-10-22,5740.0,5800.0,5705.0,5800.0,5318.1396484375,96872500,BBCA
2020-10-23,5840.0,5840.0,5750.0,5770.0,5290.6318359375,66328000,BBCA
2020-10-26,5725.0,5835.0,5725.0,5815.0,5331.89404296875,70452500,BBCA
2020-10-27,5815.0,5830.0,5755.0,5790.0,5308.97119140625,89482000,BBCA
2020-11-02,5760.0,5825.0,5720.0,5820.0,5336.47802734375,151006500,BBCA
2020-11-03,5840.0,5895.0,5835.0,5890.0,5400.662109375,78152000,BBCA
2020-11-04,5900.0,5940.0,5785.0,5820.0,5336.47802734375,78626000,BBCA
2020-11-05,5900.0,6180.0,5900.0,6150.0,5639.06201171875,161090000,BBCA
2020-11-06,6160.0,6300.0,6060.0,6300.0,5776.599609375,137303500,BBCA
2020-11-09,6300.0,6400.0,6215.0,6285.0,5762.8466796875,82739500,BBCA
2020-11-10,6395.0,6600.0,6380.0,6480.0,5941.64501953125,191073500,BBCA
2020-11-11,6540.0,6565.0,6480.0,6540.0,5996.66162109375,131383500,BBCA
2020-11-12,6410.0,6495.0,6405.0,6420.0,5886.630859375,83082500,BBCA
2020-11-13,6420.0,6450.0,6320.0,6390.0,5859.123046875,82374500,BBCA
2020-11-16,6485.0,6485.0,6385.0,6480.0,5941.64501953125,54905000,BBCA
2020-11-17,6500.0,6565.0,6490.0,6550.0,6005.830078125,119784000,BBCA
2020-11-18,6550.0,6575.0,6540.0,6570.0,6024.16845703125,99789000,BBCA
2020-11-19,6520.0,6640.0,6515.0,6615.0,6065.43017578125,147346500,BBCA
2020-11-20,6640.0,6650.0,6550.0,6600.0,6051.67626953125,68468500,BBCA
2020-11-23,6600.0,6610.0,6550.0,6600.0,6051.67626953125,75265500,BBCA
2020-11-24,6600.0,6600.0,6545.0,6565.0,6019.583984375,72349500,BBCA
2020-11-25,6580.0,6585.0,6380.0,6410.0,5877.4609375,170140500,BBCA
2020-11-26,6350.0,6490.0,6300.0,6480.0,5941.64501953125,64339000,BBCA
2020-11-27,6480.0,6490.0,6380.0,6385.0,5854.5380859375,87361500,BBCA
2020-11-30,6385.0,6400.0,6135.0,6205.0,5689.4931640625,393091500,BBCA
2020-12-01,6220.0,6435.0,6220.0,6395.0,5863.7080078125,114563500,BBCA
2020-12-02,6460.0,6485.0,6340.0,6450.0,5914.13818359375,93897500,BBCA
2020-12-03,6500.0,6525.0,6425.0,6460.0,5923.30810546875,98210000,BBCA
2020-12-04,6460.0,6465.0,6360.0,6390.0,5859.123046875,64995500,BBCA
2020-12-07,6500.0,6580.0,6480.0,6520.0,5978.322265625,96636000,BBCA
2020-12-08,6520.0,6520.0,6425.0,6490.0,5950.81494140625,70561500,BBCA
2020-12-10,6590.0,6600.0,6540.0,6575.0,6047.01611328125,151420500,BBCA
2020-12-11,6600.0,6780.0,6595.0,6735.0,6194.16748046875,214160000,BBCA
2020-12-14,6800.0,6830.0,6795.0,6820.0,6272.34130859375,179785500,BBCA
2020-12-15,6830.0,6900.0,6605.0,6790.0,6244.75048828125,164024500,BBCA
2020-12-16,6860.0,6950.0,6840.0,6950.0,6391.90234375,138674000,BBCA
2020-12-17,6965.0,7000.0,6820.0,6935.0,6378.10693359375,91920000,BBCA
2020-12-18,6935.0,6935.0,6755.0,6800.0,6253.94775390625,147238500,BBCA
2020-12-21,6890.0,6890.0,6800.0,6830.0,6281.53955078125,93692500,BBCA
2020-12-22,6740.0,6820.0,6710.0,6715.0,6175.77392578125,61790500,BBCA
2020-12-23,6905.0,6905.0,6620.0,6725.0,6184.970703125,76948000,BBCA
2020-12-28,6790.0,6820.0,6660.0,6780.0,6235.55322265625,60234000,BBCA
2020-12-29,6775.0,6810.0,6740.0,6765.0,6221.7587890625,34212500,BBCA
2020-12-30,6800.0,6800.0,6700.0,6770.0,6226.3564453125,52675500,BBCA
2021-01-04,6800.0,6855.0,6720.0,6835.0,6286.13720703125,47937000,BBCA
2021-01-05,6860.0,7090.0,6850.0,7090.0,6520.66015625,104831000,BBCA
2021-01-06,7050.0,7075.0,6880.0,6945.0,6387.30419921875,89753500,BBCA
2021-01-07,7000.0,7050.0,6910.0,6965.0,6405.6982421875,71360000,BBCA
2021-01-08,7035.0,7080.0,6975.0,7050.0,6483.87255859375,75033500,BBCA
2021-01-11,7150.0,7360.0,7145.0,7345.0,6755.18310546875,169034500,BBCA
2021-01-12,7345.0,7380.0,7160.0,7160.0,6585.0390625,95235000,BBCA
2021-01-13,7245.0,7275.0,7070.0,7120.0,6548.2509765625,76581500,BBCA
2021-01-14,7050.0,7090.0,6995.0,7020.0,6456.28125,89319500,BBCA
2021-01-15,7095.0,7100.0,6840.0,6955.0,6396.5009765625,89853500,BBCA
2021-01-18,6955.0,7125.0,6845.0,7120.0,6548.2509765625,86343000,BBCA
2021-01-19,7120.0,7120.0,7005.0,7095.0,6525.2587890625,73777000,BBCA
2021-01-20,7165.0,7295.0,7070.0,7095.0,6525.2587890625,107216000,BBCA
2021-01-21,7280.0,7300.0,7060.0,7075.0,6506.865234375,66428000,BBCA
2021-01-22,7075.0,7160.0,7075.0,7080.0,6511.46337890625,80829000,BBCA
2021-01-25,7200.0,7200.0,7000.0,7035.0,6470.07763671875,76836500,BBCA
2021-01-26,6955.0,7000.0,6820.0,6820.0,6272.34130859375,98658000,BBCA
2021-01-27,6820.0,6930.0,6705.0,6790.0,6244.75048828125,97920000,BBCA
2021-01-28,6790.0,6925.0,6790.0,6900.0,6345.91748046875,104627000,BBCA
2021-01-29,6900.0,7000.0,6760.0,6760.0,6217.16015625,132762500,BBCA
2021-02-01,6760.0,6920.0,6595.0,6820.0,6272.34130859375,113129000,BBCA
2021-02-02,6965.0,6980.0,6800.0,6800.0,6253.94775390625,86741000,BBCA
2021-02-03,7000.0,7000.0,6825.0,6825.0,6276.9404296875,67291000,BBCA
2021-02-04,6920.0,7000.0,6835.0,6855.0,6304.53125,80950500,BBCA
2021-02-05,6870.0,6950.0,6855.0,6915.0,6359.71337890625,51602000,BBCA
2021-02-08,7050.0,7055.0,6880.0,6920.0,6364.3115234375,45604000,BBCA
2021-02-09,7000.0,7030.0,6955.0,6980.0,6419.4931640625,75574000,BBCA
2021-02-10,7050.0,7050.0,6900.0,6920.0,6364.3115234375,44984500,BBCA
2021-02-11,6985.0,6985.0,6840.0,6880.0,6327.52294921875,36926000,BBCA
2021-02-15,6830.0,6890.0,6720.0,6800.0,6253.94775390625,83922000,BBCA
2021-02-16,6880.0,6945.0,6830.0,6940.0,6382.705078125,47221000,BBCA
2021-02-17,6890.0,6960.0,6850.0,6900.0,6345.91748046875,66011500,BBCA
2021-02-18,6850.0,6900.0,6735.0,6735.0,6194.16748046875,91204000,BBCA
2021-02-19,6780.0,6850.0,6760.0,6825.0,6276.9404296875,70487500,BBCA
2021-02-22,6900.0,6940.0,6790.0,6790.0,6244.75048828125,68913000,BBCA
2021-02-23,6820.0,6845.0,6775.0,6825.0,6276.9404296875,58360000,BBCA
2021-02-24,6825.0,6835.0,6725.0,6725.0,6184.970703125,71869000,BBCA
2021-02-25,6740.0,6770.0,6680.0,6705.0,6166.57666015625,78688000,BBCA
2021-02-26,6705.0,6810.0,6645.0,6710.0,6171.1748046875,173631500,BBCA
2021-03-01,6830.0,7045.0,6800.0,7045.0,6479.27392578125,205539000,BBCA
2021-03-02,7120.0,7160.0,7000.0,7015.0,6451.68359375,81446500,BBCA
2021-03-03,7065.0,7085.0,7000.0,7000.0,6437.8876953125,84470000,BBCA
2021-03-04,6905.0,7000.0,6720.0,6720.0,6180.3720703125,120802500,BBCA
2021-03-05,6720.0,6925.0,6720.0,6800.0,6253.94775390625,111871500,BBCA
2021-03-08,6950.0,6950.0,6720.0,6720.0,6180.3720703125,90883000,BBCA
2021-03-09,6700.0,6715.0,6600.0,6605.0,6074.6064453125,135582000,BBCA
2021-03-10,6720.0,6720.0,6620.0,6705.0,6166.57666015625,50302000,BBCA
2021-03-12,6875.0,6880.0,6715.0,6765.0,6221.7587890625,74328000,BBCA
2021-03-15,6815.0,6820.0,6665.0,6665.0,6129.78857421875,57416000,BBCA
2021-03-16,6710.0,6710.0,6620.0,6625.0,6093.00048828125,70755500,BBCA
2021-03-17,6650.0,6665.0,6605.0,6610.0,6079.20458984375,71474500,BBCA
2021-03-18,6620.0,6720.0,6610.0,6705.0,6166.57666015625,70067500,BBCA
2021-03-19,6770.0,6770.0,6625.0,6760.0,6217.16015625,125853000,BBCA
2021-03-22,6640.0,6680.0,6610.0,6620.0,6088.40185546875,67523500,BBCA
2021-03-23,6720.0,6720.0,6555.0,6565.0,6037.81884765625,127762500,BBCA
2021-03-24,6515.0,6550.0,6420.0,6440.0,5922.85595703125,152050000,BBCA
2021-03-25,6400.0,6440.0,6330.0,6370.0,5858.4775390625,119101500,BBCA
2021-03-26,6370.0,6445.0,6300.0,6415.0,5899.8642578125,134467500,BBCA
2021-03-29,6410.0,6515.0,6360.0,6360.0,5849.2802734375,113370500,BBCA
2021-03-30,6370.0,6455.0,6370.0,6395.0,5881.47021484375,83115500,BBCA
2021-03-31,6390.0,6395.0,6145.0,6215.0,5715.92431640625,223390500,BBCA
2021-04-01,6215.0,6270.0,6155.0,6225.0,5725.12109375,112286000,BBCA
2021-04-05,6250.0,6290.0,6155.0,6155.0,5660.7421875,73311500,BBCA
2021-04-06,6135.0,6170.0,6080.0,6165.0,5669.939453125,80215000,BBCA
2021-04-07,6155.0,6275.0,6135.0,6250.0,5748.11328125,107908000,BBCA
2021-04-08,6200.0,6215.0,6125.0,6135.0,5721.44140625,123697500,BBCA
2021-04-09,6315.0,6320.0,6145.0,6200.0,5782.060546875,116961000,BBCA
2021-04-12,6295.0,6295.0,6060.0,6065.0,5656.16015625,110411500,BBCA
2021-04-13,6050.0,6060.0,5980.0,6000.0,5595.54150390625,119211500,BBCA
2021-04-14,6105.0,6305.0,6060.0,6305.0,5879.98193359375,135519500,BBCA
2021-04-15,6305.0,6310.0,6180.0,6280.0,5856.6669921875,102686500,BBCA
2021-04-16,6370.0,6370.0,6215.0,6275.0,5852.00390625,79293500,BBCA
2021-04-19,6275.0,6280.0,6230.0,6270.0,5847.3408203125,47095000,BBCA
2021-04-20,6200.0,6250.0,6185.0,6235.0,5814.7001953125,72721000,BBCA
2021-04-21,6200.0,6225.0,6165.0,6165.0,5749.4189453125,68397000,BBCA
2021-04-22,6200.0,6275.0,6180.0,6215.0,5796.048828125,63758000,BBCA
2021-04-23,6280.0,6395.0,6225.0,6390.0,5959.251953125,108498500,BBCA
2021-04-26,6395.0,6400.0,6280.0,6285.0,5861.330078125,108742000,BBCA
2021-04-27,6370.0,6435.0,6355.0,6405.0,5973.24072265625,132650000,BBCA
2021-04-28,6400.0,6405.0,6315.0,6320.0,5893.970703125,87660000,BBCA
2021-04-29,6460.0,6460.0,6360.0,6410.0,5977.90380859375,57355000,BBCA
2021-04-30,6450.0,6450.0,6380.0,6405.0,5973.24072265625,65829500,BBCA
2021-05-03,6480.0,6480.0,6345.0,6390.0,5959.251953125,42065500,BBCA
2021-05-04,6350.0,6430.0,6340.0,6400.0,5968.57763671875,50123500,BBCA
2021-05-05,6420.0,6430.0,6400.0,6425.0,5991.89306640625,51685000,BBCA
2021-05-06,6400.0,6450.0,6400.0,6425.0,5991.89306640625,38115500,BBCA
2021-05-07,6460.0,6460.0,6385.0,6400.0,5968.57763671875,48864000,BBCA
2021-05-10,6400.0,6420.0,6395.0,6420.0,5987.2294921875,68180500,BBCA
2021-05-11,6400.0,6480.0,6305.0,6480.0,6043.1845703125,70680000,BBCA
2021-05-17,6500.0,6500.0,6375.0,6500.0,6061.8369140625,129058500,BBCA
2021-05-18,6400.0,6455.0,6365.0,6390.0,5959.251953125,73563000,BBCA
2021-05-19,6380.0,6400.0,6335.0,6345.0,5917.28564453125,64912500,BBCA
2021-05-20,6390.0,6435.0,6350.0,6380.0,5949.9267578125,64950000,BBCA
2021-05-21,6450.0,6450.0,6260.0,6360.0,5931.27490234375,92620000,BBCA
2021-05-24,6355.0,6380.0,6290.0,6325.0,5898.63330078125,59210000,BBCA
2021-05-25,6300.0,6440.0,6300.0,6355.0,5926.61181640625,87470000,BBCA
2021-05-27,6440.0,6480.0,6270.0,6270.0,5847.3408203125,537971500,BBCA
2021-05-28,6330.0,6370.0,6330.0,6340.0,5912.6220703125,102108500,BBCA
2021-05-31,6360.0,6390.0,6325.0,6375.0,5945.26318359375,101442000,BBCA
2021-06-02,6500.0,6515.0,6420.0,6465.0,6029.1962890625,141732500,BBCA
2021-06-03,6495.0,6600.0,6430.0,6600.0,6155.0966796875,133810500,BBCA
2021-06-04,6620.0,6620.0,6500.0,6580.0,6136.4443359375,62108500,BBCA
2021-06-07,6560.0,6570.0,6430.0,6530.0,6089.81494140625,62576000,BBCA
2021-06-08,6575.0,6575.0,6430.0,6430.0,5996.55517578125,64348000,BBCA
2021-06-09,6360.0,6535.0,6360.0,6530.0,6089.81494140625,77198000,BBCA
2021-06-10,6555.0,6620.0,6490.0,6620.0,6173.748046875,73262500,BBCA
2021-06-11,6570.0,6580.0,6460.0,6470.0,6033.85888671875,72780500,BBCA
2021-06-14,6520.0,6520.0,6400.0,6410.0,5977.90380859375,61478500,BBCA
2021-06-15,6445.0,6470.0,6405.0,6470.0,6033.85888671875,87799000,BBCA
2021-06-16,6420.0,6435.0,6360.0,6385.0,5954.58935546875,48984000,BBCA
2021-06-17,6390.0,6390.0,6275.0,6330.0,5903.29638671875,68448500,BBCA
2021-06-18,6300.0,6345.0,6280.0,6325.0,5898.63330078125,118043000,BBCA
2021-06-21,6300.0,6300.0,6210.0,6250.0,5828.689453125,60823500,BBCA
2021-06-22,6250.0,6390.0,6240.0,6340.0,5912.6220703125,65824000,BBCA
2021-06-23,6295.0,6340.0,6230.0,6230.0,5810.037109375,52451000,BBCA
2021-06-24,6310.0,6310.0,6200.0,6210.0,5791.3857421875,56010000,BBCA
2021-06-25,6230.0,6260.0,6190.0,6190.0,5772.73388671875,68939500,BBCA
2021-06-28,6100.0,6150.0,6055.0,6055.0,5646.83447265625,84420500,BBCA
2021-06-29,6050.0,6090.0,6040.0,6045.0,5637.50830078125,53704000,BBCA
2021-06-30,6000.0,6070.0,6000.0,6025.0,5618.8564453125,65795000,BBCA
2021-07-01,6060.0,6075.0,6000.0,6025.0,5618.8564453125,58153000,BBCA
2021-07-02,6070.0,6140.0,6040.0,6100.0,5688.80078125,67392500,BBCA
2021-07-05,6100.0,6130.0,6070.0,6110.0,5698.12744140625,39710500,BBCA
2021-07-06,6110.0,6110.0,6055.0,6055.0,5646.83447265625,34279500,BBCA
2021-07-07,6180.0,6180.0,6030.0,6065.0,5656.16015625,35595000,BBCA
2021-07-08,6000.0,6040.0,5980.0,6015.0,5609.53076171875,47297000,BBCA
2021-07-09,6010.0,6020.0,5990.0,6020.0,5614.193359375,40707500,BBCA
2021-07-12,6070.0,6180.0,6020.0,6170.0,5754.08203125,65981500,BBCA
2021-07-13,6170.0,6175.0,6015.0,6045.0,5637.50830078125,65946500,BBCA
2021-07-14,6020.0,6030.0,5980.0,5990.0,5586.2158203125,59321000,BBCA
2021-07-15,6000.0,6115.0,5995.0,6115.0,5702.78955078125,49724000,BBCA
2021-07-16,6170.0,6170.0,6055.0,6110.0,5698.12744140625,47998500,BBCA
2021-07-19,6110.0,6110.0,6005.0,6005.0,5600.20458984375,47119000,BBCA
2021-07-21,6050.0,6120.0,6010.0,6010.0,5604.8681640625,55009500,BBCA
2021-07-22,6115.0,6155.0,6050.0,6155.0,5740.09326171875,60792000,BBCA
2021-07-23,6180.0,6190.0,6025.0,6035.0,5628.18310546875,79938000,BBCA
2021-07-26,6040.0,6060.0,6005.0,6005.0,5600.20458984375,48171500,BBCA
2021-07-27,6005.0,6060.0,6000.0,6005.0,5600.20458984375,53107500,BBCA
2021-07-28,6005.0,6010.0,5970.0,5980.0,5576.89013671875,74133000,BBCA
2021-07-29,6055.0,6085.0,5980.0,6040.0,5632.84521484375,84605000,BBCA
2021-07-30,6040.0,6100.0,5960.0,5970.0,5567.56396484375,105685000,BBCA
2021-08-02,6060.0,6065.0,5905.0,5960.0,5558.23828125,119981500,BBCA
2021-08-03,6025.0,6180.0,5985.0,6145.0,5730.76708984375,110071500,BBCA
2021-08-04,6145.0,6150.0,6060.0,6120.0,5707.4521484375,41112000,BBCA
2021-08-05,6170.0,6310.0,6140.0,6300.0,5875.31884765625,93768000,BBCA
2021-08-06,6360.0,6360.0,6135.0,6160.0,5744.75634765625,67285000,BBCA
2021-08-09,6135.0,6200.0,6105.0,6200.0,5782.060546875,52858500,BBCA
2021-08-10,6250.0,6300.0,6115.0,6300.0,5875.31884765625,60446000,BBCA
2021-08-12,6120.0,6320.0,6120.0,6300.0,5875.31884765625,118325500,BBCA
2021-08-13,6350.0,6435.0,6325.0,6410.0,5977.90380859375,86929000,BBCA
2021-08-16,6420.0,6420.0,6305.0,6420.0,5987.2294921875,69282000,BBCA
2021-08-18,6520.0,6760.0,6460.0,6600.0,6155.0966796875,186354500,BBCA
2021-08-19,6600.0,6600.0,6530.0,6600.0,6155.0966796875,100926000,BBCA
2021-08-20,6600.0,6600.0,6510.0,6600.0,6155.0966796875,120163500,BBCA
2021-08-23,6515.0,6590.0,6515.0,6590.0,6145.77001953125,68253000,BBCA
2021-08-24,6570.0,6600.0,6500.0,6600.0,6155.0966796875,59561500,BBCA
2021-08-25,6600.0,6605.0,6585.0,6600.0,6155.0966796875,80751500,BBCA
2021-08-26,6560.0,6580.0,6470.0,6560.0,6117.7919921875,74337000,BBCA
2021-08-27,6490.0,6530.0,6490.0,6510.0,6071.16357421875,71572500,BBCA
2021-08-30,6530.0,6580.0,6520.0,6565.0,6122.455078125,74564500,BBCA
2021-08-31,6520.0,6570.0,6515.0,6550.0,6108.46630859375,115373500,BBCA
2021-09-01,6550.0,6600.0,6535.0,6565.0,6122.455078125,67362500,BBCA
2021-09-02,6525.0,6575.0,6455.0,6540.0,6099.14111328125,53257000,BBCA
2021-09-03,6560.0,6600.0,6515.0,6600.0,6155.0966796875,35764500,BBCA
2021-09-06,6600.0,6605.0,6550.0,6575.0,6131.78173828125,36780000,BBCA
2021-09-07,6595.0,6605.0,6570.0,6570.0,6127.11767578125,53902000,BBCA
2021-09-08,6550.0,6595.0,6420.0,6440.0,6005.88134765625,77888000,BBCA
2021-09-09,6410.0,6570.0,6410.0,6570.0,6127.11767578125,110074000,BBCA
2021-09-10,6495.0,6565.0,6495.0,6520.0,6080.48828125,41483500,BBCA
2021-09-13,6560.0,6560.0,6525.0,6555.0,6113.12939453125,29929000,BBCA
2021-09-14,6590.0,6595.0,6495.0,6545.0,6103.80322265625,51990500,BBCA
2021-09-15,6545.0,6550.0,6485.0,6495.0,6057.173828125,44514000,BBCA
2021-09-16,6580.0,6580.0,6480.0,6500.0,6061.8369140625,58672500,BBCA
2021-09-17,6490.0,6535.0,6480.0,6520.0,6080.48828125,117540000,BBCA
2021-09-20,6570.0,6590.0,6510.0,6585.0,6141.107421875,73157500,BBCA
2021-09-21,6510.0,6535.0,6470.0,6490.0,6052.5107421875,57115500,BBCA
2021-09-22,6500.0,6580.0,6500.0,6555.0,6113.12939453125,68722000,BBCA
2021-09-23,6555.0,6590.0,6545.0,6580.0,6136.4443359375,60998500,BBCA
2021-09-24,6500.0,6585.0,6500.0,6585.0,6141.107421875,60539500,BBCA
2021-09-27,6585.0,6595.0,6555.0,6580.0,6136.4443359375,55052500,BBCA
2021-09-28,6540.0,6560.0,6500.0,6520.0,6080.48828125,80186000,BBCA
2021-09-29,6520.0,6580.0,6515.0,6580.0,6136.4443359375,74079000,BBCA
2021-09-30,6600.0,7000.0,6595.0,7000.0,6528.13232421875,156848000,BBCA
2021-10-01,6900.0,6900.0,6710.0,6760.0,6304.31103515625,103954500,BBCA
2021-10-04,6740.0,6960.0,6740.0,6960.0,6490.828125,74719000,BBCA
2021-10-05,6910.0,6945.0,6860.0,6945.0,6476.84033203125,54986500,BBCA
2021-10-06,6980.0,7180.0,6970.0,7180.0,6695.998046875,174312000,BBCA
2021-10-07,7175.0,7175.0,7080.0,7160.0,6677.3466796875,107263500,BBCA
2021-10-08,7200.0,7300.0,7175.0,7290.0,6798.5830078125,94643500,BBCA
2021-10-11,7240.0,7290.0,7230.0,7255.0,6765.94287109375,47201000,BBCA
2021-10-12,7255.0,7320.0,7245.0,7320.0,6826.56103515625,91067000,BBCA
2021-10-13,7400.0,8250.0,7400.0,7525.0,7017.74169921875,210893300,BBCA
2021-10-14,7600.0,7900.0,7600.0,7750.0,7227.5751953125,138811900,BBCA
2021-10-15,7800.0,7875.0,7450.0,7650.0,7134.31591796875,142378200,BBCA
2021-10-18,7650.0,7675.0,7475.0,7525.0,7017.74169921875,116644300,BBCA
2021-10-19,7475.0,7525.0,7350.0,7500.0,6994.42724609375,134601200,BBCA
2021-10-21,7500.0,7550.0,7350.0,7400.0,6901.16796875,106120100,BBCA
2021-10-22,7450.0,7550.0,7425.0,7525.0,7017.74169921875,96730700,BBCA
2021-10-25,7400.0,7525.0,7400.0,7525.0,7017.74169921875,60329800,BBCA
2021-10-26,7600.0,7600.0,7500.0,7525.0,7017.74169921875,70103000,BBCA
2021-10-27,7575.0,7575.0,7425.0,7450.0,6947.7978515625,57067000,BBCA
2021-10-28,7350.0,7425.0,7350.0,7375.0,6877.853515625,75271900,BBCA
2021-10-29,7450.0,7475.0,7375.0,7475.0,6971.11279296875,60639200,BBCA
2021-11-01,7550.0,7550.0,7400.0,7400.0,6901.16796875,38593400,BBCA
2021-11-02,7375.0,7425.0,7250.0,7300.0,6807.90966796875,90535400,BBCA
2021-11-03,7300.0,7400.0,7250.0,7350.0,6854.53857421875,61621500,BBCA
2021-11-04,7425.0,7475.0,7375.0,7375.0,6877.853515625,61081400,BBCA
2021-11-05,7475.0,7475.0,7375.0,7450.0,6947.7978515625,43120400,BBCA
2021-11-08,7500.0,7600.0,7450.0,7575.0,7064.37158203125,85441700,BBCA
2021-11-09,7600.0,7675.0,7575.0,7675.0,7157.63037109375,101785800,BBCA
2021-11-10,7675.0,7675.0,7575.0,7650.0,7134.31591796875,47503900,BBCA
2021-11-11,7700.0,7750.0,7600.0,7675.0,7157.63037109375,55790000,BBCA
2021-11-12,7750.0,7750.0,7525.0,7525.0,7017.74169921875,52590100,BBCA
2021-11-15,7625.0,7625.0,7500.0,7500.0,6994.42724609375,67344200,BBCA
2021-11-16,7400.0,7475.0,7325.0,7475.0,6971.11279296875,98616900,BBCA
2021-11-17,7500.0,7575.0,7425.0,7575.0,7088.07763671875,61968100,BBCA
2021-11-18,7425.0,7500.0,7400.0,7400.0,6924.326171875,78839600,BBCA
2021-11-19,7425.0,7450.0,7375.0,7425.0,6947.71923828125,68203700,BBCA
2021-11-22,7425.0,7525.0,7400.0,7475.0,6994.50537109375,66328300,BBCA
2021-11-23,7400.0,7500.0,7400.0,7475.0,6994.50537109375,43477500,BBCA
2021-11-24,7575.0,7575.0,7425.0,7475.0,6994.50537109375,35181400,BBCA
2021-11-25,7450.0,7525.0,7425.0,7425.0,6947.71923828125,40216100,BBCA
2021-11-26,7400.0,7450.0,7250.0,7275.0,6807.361328125,113288400,BBCA
2021-11-29,7275.0,7425.0,7175.0,7400.0,6924.326171875,87907900,BBCA
2021-11-30,7325.0,7425.0,7275.0,7275.0,6807.361328125,144923700,BBCA
2021-12-01,7275.0,7450.0,7275.0,7300.0,6830.7548828125,76538100,BBCA
2021-12-02,7375.0,7500.0,7300.0,7500.0,7017.8984375,66831000,BBCA
2021-12-03,7525.0,7525.0,7350.0,7375.0,6900.93408203125,63283700,BBCA
2021-12-06,7450.0,7475.0,7350.0,7350.0,6877.54052734375,56944100,BBCA
2021-12-07,7450.0,7475.0,7350.0,7350.0,6877.54052734375,51258200,BBCA
2021-12-08,7450.0,7475.0,7400.0,7425.0,6947.71923828125,74775000,BBCA
2021-12-09,7400.0,7450.0,7350.0,7350.0,6877.54052734375,54886400,BBCA
2021-12-10,7325.0,7375.0,7275.0,7375.0,6900.93408203125,91092400,BBCA
2021-12-13,7375.0,7400.0,7300.0,7300.0,6830.7548828125,59977100,BBCA
2021-12-14,7300.0,7375.0,7275.0,7300.0,6830.7548828125,49763600,BBCA
2021-12-15,7300.0,7375.0,7275.0,7300.0,6830.7548828125,52477600,BBCA
2021-12-16,7375.0,7400.0,7275.0,7275.0,6807.361328125,95171400,BBCA
2021-12-17,7325.0,7500.0,7300.0,7500.0,7017.8984375,107096800,BBCA
2021-12-20,7350.0,7400.0,7325.0,7375.0,6900.93408203125,74753000,BBCA
2021-12-21,7325.0,7400.0,7325.0,7375.0,6900.93408203125,52386100,BBCA
2021-12-22,7425.0,7425.0,7325.0,7325.0,6854.1474609375,33232000,BBCA
2021-12-23,7325.0,7350.0,7300.0,7300.0,6830.7548828125,37136400,BBCA
2021-12-24,7300.0,7350.0,7300.0,7300.0,6830.7548828125,30802100,BBCA
2021-12-27,7300.0,7350.0,7300.0,7350.0,6877.54052734375,20722100,BBCA
2021-12-28,7375.0,7400.0,7325.0,7350.0,6877.54052734375,39343800,BBCA
2021-12-29,7350.0,7375.0,7300.0,7300.0,6830.7548828125,42079500,BBCA
2021-12-30,7350.0,7350.0,7300.0,7300.0,6830.7548828125,49954700,BBCA
2022-01-03,7325.0,7400.0,7300.0,7325.0,6854.1474609375,54287400,BBCA
2022-01-04,7325.0,7450.0,7325.0,7400.0,6924.326171875,70624000,BBCA
2022-01-05,7450.0,7525.0,7375.0,7450.0,6971.11279296875,76164900,BBCA
2022-01-06,7500.0,7525.0,7425.0,7475.0,6994.50537109375,63657100,BBCA
2022-01-07,7550.0,7700.0,7500.0,7650.0,7158.25634765625,143433300,BBCA
2022-01-10,7575.0,7650.0,7550.0,7600.0,7111.470703125,45351900,BBCA
2022-01-11,7650.0,7700.0,7625.0,7700.0,7205.04248046875,110334600,BBCA
2022-01-12,7700.0,7700.0,7650.0,7700.0,7205.04248046875,62606000,BBCA
2022-01-13,7700.0,7750.0,7650.0,7700.0,7205.04248046875,50025200,BBCA
2022-01-14,7700.0,7850.0,7650.0,7850.0,7345.400390625,65898700,BBCA
2022-01-17,7900.0,7900.0,7700.0,7750.0,7251.82861328125,63902600,BBCA
2022-01-18,7775.0,7775.0,7550.0,7675.0,7181.64892578125,71476300,BBCA
2022-01-19,7650.0,7725.0,7575.0,7675.0,7181.64892578125,60389700,BBCA
2022-01-20,7725.0,7775.0,7625.0,7775.0,7275.2216796875,59925500,BBCA
2022-01-21,7775.0,7950.0,7700.0,7950.0,7438.97216796875,63370500,BBCA
2022-01-24,7825.0,7850.0,7775.0,7800.0,7298.61474609375,40278300,BBCA
2022-01-25,7675.0,7775.0,7625.0,7775.0,7275.2216796875,106796900,BBCA
2022-01-26,7700.0,7750.0,7650.0,7700.0,7205.04248046875,53350200,BBCA
2022-01-27,7625.0,7800.0,7625.0,7800.0,7298.61474609375,71945100,BBCA
2022-01-28,7800.0,7825.0,7700.0,7775.0,7275.2216796875,70595000,BBCA
2022-01-31,7775.0,7775.0,7625.0,7625.0,7134.86376953125,68122000,BBCA
2022-02-02,7775.0,7800.0,7675.0,7800.0,7298.61474609375,65308100,BBCA
2022-02-03,7800.0,7825.0,7700.0,7725.0,7228.435546875,35100600,BBCA
2022-02-04,7750.0,7800.0,7700.0,7725.0,7228.435546875,39324700,BBCA
2022-02-07,7775.0,7800.0,7700.0,7800.0,7298.61474609375,56813200,BBCA
2022-02-08,7750.0,7850.0,7725.0,7725.0,7228.435546875,61883100,BBCA
2022-02-09,7850.0,7950.0,7800.0,7950.0,7438.97216796875,108922200,BBCA
2022-02-10,7950.0,7950.0,7750.0,7750.0,7251.82861328125,93277000,BBCA
2022-02-11,7675.0,7825.0,7650.0,7825.0,7322.00732421875,71968800,BBCA
2022-02-14,7750.0,7775.0,7700.0,7700.0,7205.04248046875,57710700,BBCA
2022-02-15,7750.0,7875.0,7725.0,7875.0,7368.79345703125,55617000,BBCA
2022-02-16,7850.0,7975.0,7825.0,7975.0,7462.365234375,77055100,BBCA
2022-02-17,7850.0,7925.0,7800.0,7900.0,7392.1865234375,48704600,BBCA
2022-02-18,7950.0,7950.0,7850.0,7925.0,7415.57958984375,56813400,BBCA
2022-02-21,7925.0,7975.0,7900.0,7950.0,7438.97216796875,43821700,BBCA
2022-02-22,7900.0,7950.0,7850.0,7900.0,7392.1865234375,80095500,BBCA
2022-02-23,7900.0,8100.0,7875.0,8050.0,7532.544921875,99240300,BBCA
2022-02-24,8125.0,8150.0,7925.0,8000.0,7485.75830078125,124947700,BBCA
2022-02-25,7950.0,8175.0,7925.0,8050.0,7532.544921875,135899900,BBCA
2022-03-01,8000.0,8175.0,8000.0,8050.0,7532.544921875,136616800,BBCA
2022-03-02,8225.0,8225.0,7975.0,7975.0,7462.365234375,100301000,BBCA
2022-03-04,7975.0,8025.0,7900.0,7900.0,7392.1865234375,132983400,BBCA
2022-03-07,7800.0,7850.0,7700.0,7700.0,7205.04248046875,130990900,BBCA
2022-03-08,7700.0,7850.0,7650.0,7650.0,7158.25634765625,119256500,BBCA
2022-03-09,7700.0,7950.0,7650.0,7850.0,7345.400390625,132814500,BBCA
2022-03-10,7925.0,7975.0,7800.0,7925.0,7415.57958984375,86484000,BBCA
2022-03-11,7725.0,7950.0,7725.0,7950.0,7438.97216796875,61053900,BBCA
2022-03-14,8050.0,8100.0,7950.0,8075.0,7555.93798828125,78432100,BBCA
2022-03-15,8150.0,8200.0,8075.0,8150.0,7626.1162109375,111214500,BBCA
2022-03-16,8275.0,8275.0,8075.0,8200.0,7672.90283203125,149761300,BBCA
2022-03-17,8300.0,8300.0,8000.0,8000.0,7485.75830078125,132439400,BBCA
2022-03-18,8000.0,8100.0,7900.0,7900.0,7392.1865234375,143981700,BBCA
2022-03-21,7800.0,7950.0,7800.0,7900.0,7392.1865234375,85485500,BBCA
2022-03-22,7900.0,7950.0,7875.0,7925.0,7415.57958984375,60010900,BBCA
2022-03-23,7925.0,7950.0,7825.0,7900.0,7392.1865234375,82208000,BBCA
2022-03-24,7850.0,7950.0,7800.0,7925.0,7415.57958984375,95245100,BBCA
2022-03-25,7900.0,7950.0,7900.0,7950.0,7438.97216796875,85101200,BBCA
2022-03-28,7825.0,7900.0,7800.0,7900.0,7505.4765625,83911500,BBCA
2022-03-29,7875.0,7900.0,7825.0,7850.0,7457.9736328125,62180600,BBCA
2022-03-30,7900.0,7900.0,7825.0,7875.0,7481.72509765625,71430600,BBCA
2022-03-31,7925.0,8000.0,7875.0,7975.0,7576.7314453125,112691900,BBCA
2022-04-01,8075.0,8075.0,7850.0,7925.0,7529.228515625,105575400,BBCA
2022-04-04,7925.0,7925.0,7825.0,7900.0,7505.4765625,57321200,BBCA
2022-04-05,7900.0,7900.0,7850.0,7900.0,7505.4765625,48528300,BBCA
2022-04-06,7825.0,7850.0,7750.0,7750.0,7362.9677734375,119263000,BBCA
2022-04-07,7725.0,7825.0,7700.0,7750.0,7362.9677734375,68619400,BBCA
2022-04-08,7800.0,7875.0,7775.0,7850.0,7457.9736328125,69791600,BBCA
2022-04-11,7825.0,7875.0,7725.0,7725.0,7339.2158203125,62776200,BBCA
2022-04-12,7725.0,7800.0,7700.0,7800.0,7410.470703125,73471300,BBCA
2022-04-13,7800.0,7850.0,7750.0,7800.0,7410.470703125,57622100,BBCA
2022-04-14,7800.0,7800.0,7700.0,7700.0,7315.46533203125,93342900,BBCA
2022-04-18,7700.0,7725.0,7625.0,7700.0,7315.46533203125,68464700,BBCA
2022-04-19,7700.0,7700.0,7625.0,7625.0,7244.2099609375,98632000,BBCA
2022-04-20,7725.0,7725.0,7625.0,7650.0,7267.9619140625,124388800,BBCA
2022-04-21,7800.0,7925.0,7750.0,7925.0,7529.228515625,129323400,BBCA
2022-04-22,7850.0,7925.0,7800.0,7875.0,7481.72509765625,85956100,BBCA
2022-04-25,7875.0,8000.0,7825.0,8000.0,7600.482421875,91279600,BBCA
2022-04-26,7925.0,8125.0,7925.0,8125.0,7719.240234375,128360900,BBCA
2022-04-27,8075.0,8200.0,8075.0,8200.0,7790.49462890625,89463100,BBCA
2022-04-28,8250.0,8250.0,8075.0,8125.0,7719.240234375,133730600,BBCA
2022-05-09,7875.0,7900.0,7600.0,7600.0,7220.4580078125,456796600,BBCA
2022-05-10,7250.0,7600.0,7250.0,7525.0,7149.2041015625,268445700,BBCA
2022-05-11,7525.0,7700.0,7450.0,7650.0,7267.9619140625,156535200,BBCA
2022-05-12,7525.0,7550.0,7275.0,7275.0,6911.6884765625,240529600,BBCA
2022-05-13,7250.0,7475.0,7250.0,7325.0,6959.19189453125,212968600,BBCA
2022-05-17,7275.0,7475.0,7275.0,7400.0,7030.44677734375,159657600,BBCA
2022-05-18,7500.0,7575.0,7375.0,7575.0,7196.70703125,153514300,BBCA
2022-05-19,7400.0,7475.0,7375.0,7450.0,7077.94970703125,140908900,BBCA
2022-05-20,7425.0,7475.0,7400.0,7400.0,7030.44677734375,86520200,BBCA
2022-05-23,7450.0,7475.0,7350.0,7375.0,7006.69482421875,71603500,BBCA
2022-05-24,7325.0,7475.0,7325.0,7350.0,6982.94384765625,108710800,BBCA
2022-05-25,7400.0,7450.0,7350.0,7375.0,7006.69482421875,76747400,BBCA
2022-05-27,7525.0,7575.0,7475.0,7575.0,7196.70703125,84336900,BBCA
2022-05-30,7575.0,7600.0,7475.0,7575.0,7196.70703125,105411400,BBCA
2022-05-31,7600.0,7750.0,7525.0,7750.0,7362.9677734375,286292700,BBCA
2022-06-02,7625.0,7675.0,7525.0,7575.0,7196.70703125,149226300,BBCA
2022-06-03,7600.0,7675.0,7575.0,7600.0,7220.4580078125,80563100,BBCA
2022-06-06,7550.0,7575.0,7425.0,7450.0,7077.94970703125,81140300,BBCA
2022-06-07,7300.0,7475.0,7300.0,7375.0,7006.69482421875,129242500,BBCA
2022-06-08,7500.0,7600.0,7425.0,7600.0,7220.4580078125,108910500,BBCA
2022-06-09,7500.0,7575.0,7500.0,7500.0,7125.4521484375,107828300,BBCA
2022-06-10,7400.0,7450.0,7350.0,7350.0,6982.94384765625,111768600,BBCA
2022-06-13,7300.0,7400.0,7275.0,7350.0,6982.94384765625,85539500,BBCA
2022-06-14,7300.0,7400.0,7250.0,7400.0,7030.44677734375,80865100,BBCA
2022-06-15,7300.0,7375.0,7300.0,7325.0,6959.19189453125,130367100,BBCA
2022-06-16,7400.0,7600.0,7375.0,7575.0,7196.70703125,132666300,BBCA
2022-06-17,7425.0,7550.0,7425.0,7500.0,7125.4521484375,117839400,BBCA
2022-06-20,7600.0,7650.0,7500.0,7625.0,7244.2099609375,88138700,BBCA
2022-06-21,7600.0,7650.0,7550.0,7650.0,7267.9619140625,44295700,BBCA
2022-06-22,7625.0,7650.0,7500.0,7500.0,7125.4521484375,53041800,BBCA
2022-06-23,7450.0,7575.0,7450.0,7525.0,7149.2041015625,60443000,BBCA
2022-06-24,7600.0,7600.0,7475.0,7475.0,7101.701171875,57956600,BBCA
2022-06-27,7475.0,7500.0,7350.0,7350.0,6982.94384765625,76354100,BBCA
2022-06-28,7300.0,7400.0,7300.0,7300.0,6935.4404296875,146078100,BBCA
2022-06-29,7325.0,7400.0,7275.0,7275.0,6911.6884765625,98517800,BBCA
2022-06-30,7300.0,7400.0,7250.0,7250.0,6887.9375,101343900,BBCA
2022-07-01,7300.0,7325.0,7250.0,7250.0,6887.9375,68738800,BBCA
2022-07-04,7250.0,7275.0,7000.0,7050.0,6697.92529296875,102238600,BBCA
2022-07-05,7100.0,7325.0,7100.0,7250.0,6887.9375,69172900,BBCA
2022-07-06,7300.0,7325.0,7175.0,7300.0,6935.4404296875,66801100,BBCA
2022-07-07,7225.0,7250.0,7100.0,7100.0,6745.42822265625,86126800,BBCA
2022-07-08,7125.0,7175.0,7075.0,7150.0,6792.93115234375,64312400,BBCA
2022-07-11,7200.0,7200.0,7125.0,7125.0,6769.18017578125,36830800,BBCA
2022-07-12,7175.0,7250.0,7150.0,7175.0,6816.68310546875,34269000,BBCA
2022-07-13,7100.0,7125.0,7000.0,7000.0,6650.4228515625,71988200,BBCA
2022-07-14,7025.0,7100.0,7000.0,7025.0,6674.173828125,83316300,BBCA
2022-07-15,7100.0,7100.0,7000.0,7000.0,6650.4228515625,57419900,BBCA
2022-07-18,7025.0,7150.0,7025.0,7150.0,6792.93115234375,60077700,BBCA
2022-07-19,7100.0,7175.0,7100.0,7175.0,6816.68310546875,59641000,BBCA
2022-07-20,7200.0,7400.0,7175.0,7400.0,7030.44677734375,105792900,BBCA
2022-07-21,7400.0,7400.0,7250.0,7400.0,7030.44677734375,64337100,BBCA
2022-07-22,7400.0,7400.0,7300.0,7325.0,6959.19189453125,38956500,BBCA
2022-07-25,7350.0,7375.0,7300.0,7300.0,6935.4404296875,31247600,BBCA
2022-07-26,7250.0,7375.0,7250.0,7300.0,6935.4404296875,44379900,BBCA
2022-07-27,7325.0,7350.0,7275.0,7325.0,6959.19189453125,58465500,BBCA
2022-07-28,7375.0,7450.0,7325.0,7350.0,6982.94384765625,86909700,BBCA
2022-07-29,7400.0,7475.0,7350.0,7350.0,6982.94384765625,131553000,BBCA
2022-08-01,7350.0,7500.0,7350.0,7500.0,7125.4521484375,104841600,BBCA
2022-08-02,7600.0,7625.0,7500.0,7600.0,7220.4580078125,106466900,BBCA
2022-08-03,7625.0,7625.0,7575.0,7625.0,7244.2099609375,60170600,BBCA
2022-08-04,7675.0,7800.0,7650.0,7800.0,7410.470703125,164221000,BBCA
2022-08-05,7825.0,7875.0,7725.0,7875.0,7481.72509765625,118734200,BBCA
2022-08-08,7875.0,7925.0,7750.0,7875.0,7481.72509765625,84328900,BBCA
2022-08-09,7875.0,7975.0,7875.0,7900.0,7505.4765625,92875800,BBCA
2022-08-10,7800.0,7900.0,7725.0,7900.0,7505.4765625,104376300,BBCA
2022-08-11,7850.0,7950.0,7825.0,7950.0,7552.97900390625,73204700,BBCA
2022-08-12,7925.0,7975.0,7850.0,7925.0,7529.228515625,59381200,BBCA
2022-08-15,7950.0,7975.0,7900.0,7950.0,7552.97900390625,81411000,BBCA
2022-08-16,7950.0,7975.0,7850.0,7975.0,7576.7314453125,83556700,BBCA
2022-08-18,7900.0,8025.0,7875.0,8000.0,7600.482421875,86136900,BBCA
2022-08-19,8050.0,8050.0,7900.0,7900.0,7505.4765625,58194900,BBCA
2022-08-22,7850.0,8000.0,7825.0,8000.0,7600.482421875,97293300,BBCA
2022-08-23,8000.0,8000.0,7900.0,7900.0,7505.4765625,71671800,BBCA
2022-08-24,7950.0,8025.0,7900.0,7950.0,7552.97900390625,108892400,BBCA
2022-08-25,8000.0,8100.0,7900.0,8075.0,7671.7373046875,99503500,BBCA
2022-08-26,8025.0,8125.0,8000.0,8000.0,7600.482421875,80472400,BBCA
2022-08-29,8000.0,8150.0,7950.0,8150.0,7742.9921875,57762100,BBCA
2022-08-30,8100.0,8275.0,8075.0,8175.0,7766.74267578125,124467000,BBCA
2022-08-31,8075.0,8225.0,8050.0,8200.0,7790.49462890625,137659900,BBCA
2022-09-01,8150.0,8250.0,8125.0,8150.0,7742.9921875,74960800,BBCA
2022-09-02,8150.0,8225.0,8150.0,8225.0,7814.24609375,71430600,BBCA
2022-09-05,8225.0,8300.0,8200.0,8275.0,7861.7490234375,62906000,BBCA
2022-09-06,8300.0,8350.0,8250.0,8275.0,7861.7490234375,67079900,BBCA
2022-09-07,8250.0,8375.0,8250.0,8375.0,7956.755859375,117931700,BBCA
2022-09-08,8400.0,8500.0,8350.0,8350.0,7933.00341796875,132777400,BBCA
2022-09-09,8500.0,8500.0,8275.0,8375.0,7956.755859375,91234600,BBCA
2022-09-12,8325.0,8425.0,8325.0,8375.0,7956.755859375,52395300,BBCA
2022-09-13,8375.0,8575.0,8375.0,8525.0,8099.26416015625,124485200,BBCA
2022-09-14,8375.0,8650.0,8375.0,8500.0,8075.5126953125,116642400,BBCA
2022-09-15,8500.0,8875.0,8500.0,8750.0,8313.02734375,190404800,BBCA
2022-09-16,8700.0,8725.0,8450.0,8450.0,8028.009765625,363127600,BBCA
2022-09-19,8475.0,8750.0,8450.0,8650.0,8218.0224609375,102530600,BBCA
2022-09-20,8550.0,8650.0,8550.0,8550.0,8123.015625,89238400,BBCA
2022-09-21,8525.0,8600.0,8425.0,8475.0,8051.76220703125,90933700,BBCA
2022-09-22,8375.0,8525.0,8375.0,8475.0,8051.76220703125,61908500,BBCA
2022-09-23,8375.0,8475.0,8375.0,8375.0,7956.755859375,60567600,BBCA
2022-09-26,8200.0,8500.0,8200.0,8425.0,8004.25830078125,106228200,BBCA
2022-09-27,8375.0,8450.0,8300.0,8300.0,7885.50048828125,89567100,BBCA
2022-09-28,8250.0,8425.0,8250.0,8325.0,7909.2529296875,89153400,BBCA
2022-09-29,8325.0,8450.0,8325.0,8375.0,7956.755859375,62643700,BBCA
2022-09-30,8375.0,8575.0,8275.0,8550.0,8123.015625,176524800,BBCA
2022-10-03,8450.0,8525.0,8450.0,8500.0,8075.5126953125,115079600,BBCA
2022-10-04,8525.0,8625.0,8525.0,8550.0,8123.015625,80524500,BBCA
2022-10-05,8525.0,8550.0,8425.0,8450.0,8028.009765625,63788000,BBCA
2022-10-06,8475.0,8500.0,8425.0,8425.0,8004.25830078125,43967400,BBCA
2022-10-07,8325.0,8375.0,8200.0,8200.0,7790.49462890625,112043400,BBCA
2022-10-10,8150.0,8375.0,8125.0,8300.0,7885.50048828125,80238200,BBCA
2022-10-11,8200.0,8300.0,8150.0,8250.0,7837.998046875,64060000,BBCA
2022-10-12,8200.0,8325.0,8175.0,8325.0,7909.2529296875,47569700,BBCA
2022-10-13,8275.0,8375.0,8275.0,8275.0,7861.7490234375,62282800,BBCA
2022-10-14,8300.0,8350.0,8250.0,8250.0,7837.998046875,70642900,BBCA
2022-10-17,8250.0,8300.0,8175.0,8250.0,7837.998046875,56387500,BBCA
2022-10-18,8275.0,8475.0,8250.0,8300.0,7885.50048828125,85665300,BBCA
2022-10-19,8250.0,8350.0,8225.0,8275.0,7861.7490234375,66753500,BBCA
2022-10-20,8250.0,8500.0,8250.0,8500.0,8075.5126953125,91812300,BBCA
2022-10-21,8450.0,8725.0,8450.0,8650.0,8218.0224609375,122777800,BBCA
2022-10-24,8750.0,8900.0,8725.0,8900.0,8455.537109375,89416500,BBCA
2022-10-25,8825.0,8875.0,8700.0,8700.0,8265.5244140625,84696300,BBCA
2022-10-26,8625.0,8650.0,8550.0,8550.0,8123.015625,98962100,BBCA
2022-10-27,8550.0,8700.0,8550.0,8700.0,8265.5244140625,77003400,BBCA
2022-10-28,8650.0,8750.0,8650.0,8750.0,8313.02734375,84980600,BBCA
2022-10-31,8850.0,8850.0,8775.0,8800.0,8360.53125,138922800,BBCA
2022-11-01,9000.0,9000.0,8725.0,8800.0,8360.53125,118118400,BBCA
2022-11-02,8800.0,8825.0,8725.0,8750.0,8313.02734375,68323600,BBCA
2022-11-03,8700.0,8825.0,8700.0,8800.0,8360.53125,81856300,BBCA
2022-11-04,8775.0,8800.0,8675.0,8775.0,8336.779296875,84458300,BBCA
2022-11-07,8725.0,8850.0,8675.0,8850.0,8408.0341796875,94794000,BBCA
2022-11-08,8850.0,8875.0,8725.0,8750.0,8313.02734375,42525500,BBCA
2022-11-09,8675.0,8875.0,8675.0,8875.0,8431.78515625,96599500,BBCA
2022-11-10,8725.0,8800.0,8725.0,8800.0,8360.53125,89463000,BBCA
2022-11-11,8900.0,8925.0,8825.0,8850.0,8408.0341796875,59597900,BBCA
2022-11-14,8875.0,8900.0,8750.0,8750.0,8313.02734375,49208200,BBCA
2022-11-15,8775.0,8850.0,8750.0,8800.0,8360.53125,59092900,BBCA
2022-11-16,8625.0,8675.0,8550.0,8600.0,8170.5185546875,143424800,BBCA
2022-11-17,8625.0,8825.0,8600.0,8725.0,8289.2763671875,72679800,BBCA
2022-11-18,8725.0,8900.0,8725.0,8825.0,8384.283203125,83556900,BBCA
2022-11-21,8875.0,8900.0,8725.0,8725.0,8289.2763671875,35901000,BBCA
2022-11-22,8900.0,8950.0,8850.0,8900.0,8455.537109375,84684200,BBCA
2022-11-23,8900.0,8975.0,8875.0,8875.0,8431.78515625,84642100,BBCA
2022-11-24,8975.0,9000.0,8950.0,9000.0,8550.5439453125,53520800,BBCA
2022-11-25,9000.0,9000.0,8900.0,8975.0,8526.791015625,75048300,BBCA
2022-11-28,9050.0,9100.0,8975.0,9025.0,8574.2939453125,96209700,BBCA
2022-11-29,8975.0,9075.0,8925.0,8975.0,8526.791015625,91562100,BBCA
2022-11-30,8875.0,9400.0,8850.0,9300.0,8835.560546875,644359600,BBCA
2022-12-01,9275.0,9350.0,9000.0,9000.0,8550.5439453125,155775400,BBCA
2022-12-02,8900.0,8975.0,8900.0,8900.0,8488.5478515625,130982100,BBCA
2022-12-05,8800.0,8900.0,8775.0,8775.0,8369.3271484375,114656300,BBCA
2022-12-06,8725.0,8750.0,8575.0,8675.0,8273.9501953125,180553800,BBCA
2022-12-07,8500.0,8575.0,8450.0,8450.0,8059.35205078125,229308700,BBCA
2022-12-08,8375.0,8575.0,8350.0,8500.0,8107.0400390625,172590100,BBCA
2022-12-09,8500.0,8600.0,8450.0,8575.0,8178.5732421875,90851300,BBCA
2022-12-12,8525.0,8700.0,8475.0,8700.0,8297.794921875,102851800,BBCA
2022-12-13,8625.0,8700.0,8550.0,8700.0,8297.794921875,104580200,BBCA
2022-12-14,8600.0,8700.0,8525.0,8625.0,8226.26171875,118164300,BBCA
2022-12-15,8575.0,8600.0,8500.0,8500.0,8107.0400390625,113255700,BBCA
2022-12-16,8425.0,8650.0,8400.0,8600.0,8202.41796875,181516700,BBCA
2022-12-19,8650.0,8700.0,8600.0,8650.0,8250.10546875,67482900,BBCA
2022-12-20,8550.0,8650.0,8550.0,8575.0,8178.5732421875,41243700,BBCA
2022-12-21,8600.0,8700.0,8575.0,8675.0,8273.9501953125,33617700,BBCA
2022-12-22,8650.0,8675.0,8575.0,8575.0,8178.5732421875,59591500,BBCA
2022-12-23,8525.0,8575.0,8500.0,8500.0,8107.0400390625,47393000,BBCA
2022-12-26,8500.0,8625.0,8500.0,8575.0,8178.5732421875,20495900,BBCA
2022-12-27,8600.0,8650.0,8575.0,8600.0,8202.41796875,27193800,BBCA
2022-12-28,8650.0,8650.0,8550.0,8650.0,8250.10546875,40420200,BBCA
2022-12-29,8525.0,8600.0,8500.0,8575.0,8178.5732421875,47020900,BBCA
2022-12-30,8575.0,8650.0,8550.0,8550.0,8154.7294921875,44681400,BBCA
2023-01-02,8575.0,8600.0,8500.0,8550.0,8154.7294921875,10653900,BBCA
2023-01-03,8550.0,8600.0,8525.0,8550.0,8154.7294921875,27399100,BBCA
2023-01-04,8525.0,8575.0,8350.0,8350.0,7963.97509765625,90918800,BBCA
2023-01-05,8350.0,8375.0,8150.0,8250.0,7868.59765625,128838500,BBCA
2023-01-06,8100.0,8325.0,8100.0,8300.0,7916.28662109375,69286600,BBCA
2023-01-09,8325.0,8450.0,8325.0,8450.0,8059.35205078125,86916900,BBCA
2023-01-10,8400.0,8425.0,8150.0,8175.0,7797.06494140625,101759100,BBCA
2023-01-11,8050.0,8150.0,8000.0,8125.0,7749.376953125,96069100,BBCA
2023-01-12,8150.0,8275.0,8125.0,8175.0,7797.06494140625,103804600,BBCA
2023-01-13,8150.0,8175.0,8025.0,8050.0,7677.84423828125,119748200,BBCA
2023-01-16,8050.0,8200.0,8050.0,8150.0,7773.22119140625,105710700,BBCA
2023-01-17,8175.0,8375.0,8150.0,8325.0,7940.13037109375,88695900,BBCA
2023-01-18,8200.0,8325.0,8175.0,8300.0,7916.28662109375,96814600,BBCA
2023-01-19,8350.0,8350.0,8250.0,8325.0,7940.13037109375,66391800,BBCA
2023-01-20,8275.0,8325.0,8250.0,8300.0,7916.28662109375,96859500,BBCA
2023-01-24,8300.0,8350.0,8225.0,8225.0,7844.75439453125,42474500,BBCA
2023-01-25,8300.0,8300.0,8200.0,8200.0,7820.90966796875,66124500,BBCA
2023-01-26,8225.0,8475.0,8225.0,8475.0,8083.1962890625,77582300,BBCA
2023-01-27,8700.0,8850.0,8550.0,8700.0,8297.794921875,196804700,BBCA
2023-01-30,8725.0,8775.0,8575.0,8700.0,8297.794921875,68544300,BBCA
2023-01-31,8625.0,8675.0,8475.0,8475.0,8083.1962890625,200589000,BBCA
2023-02-01,8575.0,8575.0,8450.0,8500.0,8107.0400390625,77396200,BBCA
2023-02-02,8425.0,8525.0,8400.0,8450.0,8059.35205078125,99109500,BBCA
2023-02-03,8550.0,8700.0,8500.0,8700.0,8297.794921875,71716700,BBCA
2023-02-06,8750.0,8750.0,8650.0,8725.0,8321.638671875,117757700,BBCA
2023-02-07,8775.0,8850.0,8750.0,8850.0,8440.8603515625,116014700,BBCA
2023-02-08,8825.0,8850.0,8800.0,8825.0,8417.015625,54495500,BBCA
2023-02-09,8825.0,8900.0,8800.0,8900.0,8488.5478515625,72381700,BBCA
2023-02-10,8875.0,8900.0,8700.0,8825.0,8417.015625,62060900,BBCA
2023-02-13,8875.0,8900.0,8775.0,8875.0,8464.7041015625,63775000,BBCA
2023-02-14,8850.0,8950.0,8825.0,8950.0,8536.236328125,81678200,BBCA
2023-02-15,8875.0,8900.0,8750.0,8875.0,8464.7041015625,38037000,BBCA
2023-02-16,8825.0,8850.0,8700.0,8700.0,8297.794921875,66040400,BBCA
2023-02-17,8775.0,8850.0,8725.0,8725.0,8321.638671875,43588900,BBCA
2023-02-20,8725.0,8825.0,8700.0,8750.0,8345.482421875,40077000,BBCA
2023-02-21,8775.0,8800.0,8700.0,8700.0,8297.794921875,25390500,BBCA
2023-02-22,8700.0,8750.0,8625.0,8675.0,8273.9501953125,38671900,BBCA
2023-02-23,8625.0,8750.0,8625.0,8725.0,8321.638671875,53412300,BBCA
2023-02-24,8775.0,8850.0,8675.0,8675.0,8273.9501953125,44123400,BBCA
2023-02-27,8675.0,8775.0,8650.0,8775.0,8369.3271484375,59983900,BBCA
2023-02-28,8775.0,8775.0,8675.0,8750.0,8345.482421875,106349400,BBCA
2023-03-01,8725.0,8750.0,8600.0,8600.0,8202.41796875,67034700,BBCA
2023-03-02,8600.0,8700.0,8600.0,8625.0,8226.26171875,56672000,BBCA
2023-03-03,8650.0,8675.0,8475.0,8475.0,8083.1962890625,95376900,BBCA
2023-03-06,8550.0,8550.0,8400.0,8400.0,8011.66357421875,92652000,BBCA
2023-03-07,8350.0,8475.0,8350.0,8425.0,8035.5078125,106115600,BBCA
2023-03-08,8400.0,8575.0,8400.0,8575.0,8178.5732421875,79350900,BBCA
2023-03-09,8650.0,8650.0,8550.0,8575.0,8178.5732421875,54201400,BBCA
2023-03-10,8500.0,8550.0,8450.0,8450.0,8059.35205078125,59580100,BBCA
2023-03-13,8450.0,8625.0,8450.0,8550.0,8154.7294921875,82077700,BBCA
2023-03-14,8425.0,8475.0,8325.0,8325.0,7940.13037109375,90495300,BBCA
2023-03-15,8450.0,8475.0,8325.0,8325.0,7940.13037109375,86747400,BBCA
2023-03-16,8300.0,8350.0,8250.0,8300.0,7916.28662109375,105894000,BBCA
2023-03-17,8375.0,8450.0,8325.0,8375.0,7987.81884765625,198558600,BBCA
2023-03-20,8400.0,8475.0,8375.0,8400.0,8011.66357421875,37277900,BBCA
2023-03-21,8400.0,8500.0,8375.0,8500.0,8107.0400390625,91617400,BBCA
2023-03-24,8700.0,8825.0,8625.0,8825.0,8417.015625,145603600,BBCA
2023-03-27,8825.0,8825.0,8700.0,8700.0,8297.794921875,110692800,BBCA
2023-03-28,8800.0,8800.0,8675.0,8675.0,8273.9501953125,98296600,BBCA
2023-03-29,8675.0,8800.0,8625.0,8800.0,8560.9365234375,101068200,BBCA
2023-03-30,8900.0,8900.0,8800.0,8825.0,8585.2568359375,118912100,BBCA
2023-03-31,8825.0,8850.0,8725.0,8750.0,8512.2939453125,97146900,BBCA
2023-04-03,8825.0,8825.0,8750.0,8800.0,8560.9365234375,60288900,BBCA
2023-04-04,8825.0,8825.0,8650.0,8775.0,8536.6142578125,60975800,BBCA
2023-04-05,8775.0,8800.0,8725.0,8725.0,8487.97265625,36922100,BBCA
2023-04-06,8700.0,8775.0,8700.0,8750.0,8512.2939453125,45489400,BBCA
2023-04-10,8725.0,8800.0,8700.0,8800.0,8560.9365234375,32996000,BBCA
2023-04-11,8825.0,8825.0,8750.0,8825.0,8585.2568359375,44554300,BBCA
2023-04-12,8900.0,8900.0,8825.0,8900.0,8658.21875,91903600,BBCA
2023-04-13,8950.0,8950.0,8875.0,8925.0,8682.5400390625,51726500,BBCA
2023-04-14,9000.0,9000.0,8950.0,9000.0,8755.501953125,110354200,BBCA
2023-04-17,9025.0,9050.0,8900.0,9025.0,8779.8232421875,83946900,BBCA
2023-04-18,9050.0,9175.0,9025.0,9125.0,8877.1064453125,91178700,BBCA
2023-04-26,9125.0,9200.0,9000.0,9200.0,8950.0693359375,186928200,BBCA
2023-04-27,9100.0,9175.0,9075.0,9150.0,8901.427734375,54842400,BBCA
2023-04-28,9100.0,9125.0,9050.0,9050.0,8804.14453125,145775300,BBCA
2023-05-02,9100.0,9100.0,8900.0,9050.0,8804.14453125,83645900,BBCA
2023-05-03,9050.0,9050.0,8875.0,8925.0,8682.5400390625,83728800,BBCA
2023-05-04,8925.0,9025.0,8875.0,9000.0,8755.501953125,67565000,BBCA
2023-05-05,9000.0,9050.0,8950.0,9000.0,8755.501953125,64815100,BBCA
2023-05-08,9000.0,9075.0,8950.0,9000.0,8755.501953125,84754500,BBCA
2023-05-09,8950.0,8975.0,8900.0,8925.0,8682.5400390625,40929600,BBCA
2023-05-10,8925.0,8950.0,8900.0,8925.0,8682.5400390625,45322600,BBCA
2023-05-11,8900.0,8900.0,8800.0,8825.0,8585.2568359375,81993900,BBCA
2023-05-12,8750.0,8875.0,8725.0,8800.0,8560.9365234375,96525600,BBCA
2023-05-15,8875.0,8875.0,8725.0,8775.0,8536.6142578125,64830300,BBCA
2023-05-16,8800.0,8825.0,8700.0,8700.0,8463.65234375,49497000,BBCA
2023-05-17,8775.0,8850.0,8750.0,8775.0,8536.6142578125,69996100,BBCA
2023-05-19,8900.0,9000.0,8825.0,9000.0,8755.501953125,123592500,BBCA
2023-05-22,9000.0,9075.0,8925.0,9000.0,8755.501953125,91000000,BBCA
2023-05-23,9050.0,9150.0,9025.0,9125.0,8877.1064453125,102980500,BBCA
2023-05-24,9200.0,9200.0,9025.0,9025.0,8779.8232421875,77392900,BBCA
2023-05-25,9100.0,9150.0,9050.0,9050.0,8804.14453125,76325700,BBCA
2023-05-26,9175.0,9200.0,9100.0,9150.0,8901.427734375,55675900,BBCA
2023-05-29,9250.0,9250.0,9075.0,9150.0,8901.427734375,79148200,BBCA
2023-05-30,9200.0,9325.0,9150.0,9250.0,8998.7099609375,97189500,BBCA
2023-05-31,9300.0,9325.0,9050.0,9050.0,8804.14453125,722827900,BBCA
2023-06-05,9150.0,9325.0,9100.0,9200.0,8950.0693359375,163535600,BBCA
2023-06-06,9050.0,9200.0,9050.0,9150.0,8901.427734375,74872200,BBCA
2023-06-07,9125.0,9175.0,9075.0,9100.0,8852.7861328125,87492200,BBCA
2023-06-08,9075.0,9125.0,9075.0,9125.0,8877.1064453125,53188400,BBCA
2023-06-09,9175.0,9175.0,9100.0,9100.0,8852.7861328125,44632400,BBCA
2023-06-12,9150.0,9150.0,9100.0,9150.0,8901.427734375,38082300,BBCA
2023-06-13,9175.0,9175.0,9100.0,9150.0,8901.427734375,45552600,BBCA
2023-06-14,9100.0,9125.0,9050.0,9075.0,8828.46484375,72223700,BBCA
2023-06-15,9100.0,9100.0,9050.0,9050.0,8804.14453125,59073000,BBCA
2023-06-16,9100.0,9100.0,8975.0,9050.0,8804.14453125,112769400,BBCA
2023-06-19,9000.0,9050.0,9000.0,9000.0,8755.501953125,32330600,BBCA
2023-06-20,9025.0,9050.0,8950.0,9050.0,8804.14453125,54990100,BBCA
2023-06-21,9050.0,9125.0,9000.0,9125.0,8877.1064453125,42676300,BBCA
2023-06-22,9125.0,9150.0,9050.0,9050.0,8804.14453125,48291100,BBCA
2023-06-23,9025.0,9150.0,9025.0,9050.0,8804.14453125,47813500,BBCA
2023-06-26,9025.0,9125.0,9025.0,9075.0,8828.46484375,36389900,BBCA
2023-06-27,9050.0,9150.0,9050.0,9150.0,8901.427734375,36225100,BBCA
2023-07-03,9025.0,9075.0,9025.0,9075.0,8828.46484375,108855900,BBCA
2023-07-04,9150.0,9150.0,9050.0,9050.0,8804.14453125,35049300,BBCA
2023-07-05,9050.0,9075.0,9025.0,9050.0,8804.14453125,44609200,BBCA
2023-07-06,9050.0,9100.0,9025.0,9075.0,8828.46484375,52532400,BBCA
2023-07-07,9025.0,9100.0,9025.0,9025.0,8779.8232421875,37641300,BBCA
2023-07-10,9100.0,9100.0,9050.0,9050.0,8804.14453125,28981500,BBCA
2023-07-11,9100.0,9100.0,9025.0,9025.0,8779.8232421875,43703500,BBCA
2023-07-12,9075.0,9175.0,9050.0,9175.0,8925.748046875,61566500,BBCA
2023-07-13,9200.0,9225.0,9125.0,9125.0,8877.1064453125,65230900,BBCA
2023-07-14,9175.0,9200.0,9125.0,9200.0,8950.0693359375,55554500,BBCA
2023-07-17,9200.0,9250.0,9175.0,9175.0,8925.748046875,62550100,BBCA
2023-07-18,9200.0,9250.0,9100.0,9150.0,8901.427734375,52924600,BBCA
2023-07-20,9200.0,9225.0,9125.0,9150.0,8901.427734375,83476600,BBCA
2023-07-21,9150.0,9175.0,9125.0,9150.0,8901.427734375,42667800,BBCA
2023-07-24,9200.0,9200.0,9100.0,9100.0,8852.7861328125,62061200,BBCA
2023-07-25,9175.0,9300.0,9150.0,9150.0,8901.427734375,122802700,BBCA
2023-07-26,9175.0,9350.0,9125.0,9350.0,9095.994140625,113868700,BBCA
2023-07-27,9400.0,9400.0,9225.0,9225.0,8974.3896484375,77848400,BBCA
2023-07-28,9200.0,9225.0,9125.0,9125.0,8877.1064453125,74510200,BBCA
2023-07-31,9175.0,9200.0,9100.0,9125.0,8877.1064453125,80868000,BBCA
2023-08-01,9175.0,9175.0,9100.0,9125.0,8877.1064453125,49756400,BBCA
2023-08-02,9125.0,9200.0,9125.0,9200.0,8950.0693359375,60629900,BBCA
2023-08-03,9150.0,9300.0,9150.0,9250.0,8998.7099609375,64596100,BBCA
2023-08-04,9250.0,9275.0,9125.0,9150.0,8901.427734375,52675900,BBCA
2023-08-07,9150.0,9275.0,9150.0,9275.0,9023.0322265625,55589300,BBCA
2023-08-08,9275.0,9300.0,9200.0,9200.0,8950.0693359375,43373400,BBCA
2023-08-09,9275.0,9400.0,9250.0,9400.0,9144.6357421875,77056800,BBCA
2023-08-10,9400.0,9425.0,9350.0,9400.0,9144.6357421875,76738100,BBCA
2023-08-11,9425.0,9450.0,9375.0,9400.0,9144.6357421875,68898600,BBCA
2023-08-14,9325.0,9350.0,9225.0,9350.0,9095.994140625,75495400,BBCA
2023-08-15,9325.0,9375.0,9300.0,9300.0,9047.3525390625,59303700,BBCA
2023-08-16,9275.0,9325.0,9250.0,9300.0,9047.3525390625,53440000,BBCA
2023-08-18,9250.0,9350.0,9250.0,9250.0,8998.7099609375,79328900,BBCA
2023-08-21,9225.0,9250.0,9175.0,9175.0,8925.748046875,73573000,BBCA
2023-08-22,9150.0,9325.0,9150.0,9300.0,9047.3525390625,65664600,BBCA
2023-08-23,9300.0,9325.0,9275.0,9300.0,9047.3525390625,63749800,BBCA
2023-08-24,9250.0,9325.0,9200.0,9200.0,8950.0693359375,53725900,BBCA
2023-08-25,9200.0,9275.0,9175.0,9275.0,9023.0322265625,50379000,BBCA
2023-08-28,9250.0,9250.0,9200.0,9200.0,8950.0693359375,44423100,BBCA
2023-08-29,9275.0,9300.0,9200.0,9250.0,8998.7099609375,45428500,BBCA
2023-08-30,9300.0,9300.0,9200.0,9200.0,8950.0693359375,56227000,BBCA
2023-08-31,9200.0,9225.0,9100.0,9175.0,8925.748046875,136107200,BBCA
2023-09-01,9200.0,9275.0,9175.0,9225.0,8974.3896484375,42152700,BBCA
2023-09-04,9225.0,9275.0,9175.0,9225.0,8974.3896484375,40610600,BBCA
2023-09-05,9250.0,9250.0,9200.0,9225.0,8974.3896484375,42007200,BBCA
2023-09-06,9200.0,9250.0,9150.0,9150.0,8901.427734375,49318400,BBCA
2023-09-07,9125.0,9175.0,9100.0,9175.0,8925.748046875,61405200,BBCA
2023-09-08,9100.0,9150.0,9050.0,9125.0,8877.1064453125,80732300,BBCA
2023-09-11,9075.0,9125.0,9075.0,9125.0,8877.1064453125,53155900,BBCA
2023-09-12,9100.0,9125.0,9075.0,9100.0,8852.7861328125,66479000,BBCA
2023-09-13,9050.0,9075.0,9000.0,9075.0,8828.46484375,69490200,BBCA
2023-09-14,9000.0,9125.0,9000.0,9100.0,8852.7861328125,112757900,BBCA
2023-09-15,9050.0,9100.0,9000.0,9000.0,8755.501953125,121005300,BBCA
2023-09-18,9050.0,9075.0,9000.0,9000.0,8755.501953125,34272200,BBCA
2023-09-19,9000.0,9075.0,8975.0,9075.0,8828.46484375,33325800,BBCA
2023-09-20,9125.0,9175.0,9075.0,9150.0,8901.427734375,54305500,BBCA
2023-09-21,9125.0,9150.0,9075.0,9125.0,8877.1064453125,40607000,BBCA
2023-09-22,9125.0,9150.0,9075.0,9075.0,8828.46484375,42445300,BBCA
2023-09-25,9075.0,9075.0,9000.0,9000.0,8755.501953125,56132200,BBCA
2023-09-26,9000.0,9025.0,8950.0,8950.0,8706.8603515625,73544700,BBCA
2023-09-27,8900.0,9000.0,8875.0,8875.0,8633.8984375,84345000,BBCA
2023-09-29,8825.0,8900.0,8825.0,8825.0,8585.2568359375,118960000,BBCA
2023-10-02,8900.0,9100.0,8875.0,9075.0,8828.46484375,93663000,BBCA
2023-10-03,9075.0,9200.0,9025.0,9200.0,8950.0693359375,98380200,BBCA
2023-10-04,9200.0,9250.0,9125.0,9200.0,8950.0693359375,112582800,BBCA
2023-10-05,9200.0,9200.0,9075.0,9075.0,8828.46484375,72855700,BBCA
2023-10-06,9100.0,9100.0,9025.0,9025.0,8779.8232421875,53344400,BBCA
2023-10-09,9025.0,9125.0,9025.0,9050.0,8804.14453125,43774500,BBCA
2023-10-10,9000.0,9000.0,8925.0,8925.0,8682.5400390625,71966100,BBCA
2023-10-11,8925.0,9025.0,8925.0,8925.0,8682.5400390625,84305800,BBCA
2023-10-12,9000.0,9100.0,9000.0,9050.0,8804.14453125,71064500,BBCA
2023-10-13,9100.0,9125.0,9025.0,9075.0,8828.46484375,62941800,BBCA
2023-10-16,9125.0,9125.0,9050.0,9100.0,8852.7861328125,29429200,BBCA
2023-10-17,9050.0,9075.0,8950.0,8950.0,8706.8603515625,59606000,BBCA
2023-10-18,8925.0,8950.0,8850.0,8850.0,8609.5771484375,50919200,BBCA
2023-10-19,8825.0,8850.0,8750.0,8750.0,8512.2939453125,89509700,BBCA
2023-10-20,8725.0,9025.0,8725.0,8975.0,8731.181640625,64554500,BBCA
2023-10-23,8875.0,8925.0,8850.0,8850.0,8609.5771484375,50633500,BBCA
2023-10-24,8775.0,8875.0,8775.0,8775.0,8536.6142578125,76963200,BBCA
2023-10-25,8825.0,8925.0,8825.0,8875.0,8633.8984375,54748400,BBCA
2023-10-26,8925.0,8950.0,8725.0,8725.0,8487.97265625,63199400,BBCA
2023-10-27,8725.0,8800.0,8700.0,8700.0,8463.65234375,52450700,BBCA
2023-10-30,8700.0,8850.0,8700.0,8850.0,8609.5771484375,51958200,BBCA
2023-10-31,8800.0,8825.0,8725.0,8750.0,8512.2939453125,64907600,BBCA
2023-11-01,8750.0,8775.0,8600.0,8600.0,8366.369140625,67027600,BBCA
2023-11-02,8725.0,8900.0,8725.0,8850.0,8609.5771484375,56050900,BBCA
2023-11-03,8925.0,8950.0,8850.0,8900.0,8658.21875,60414100,BBCA
2023-11-06,8975.0,9050.0,8950.0,9050.0,8804.14453125,84994200,BBCA
2023-11-07,9000.0,9025.0,8900.0,8975.0,8731.181640625,60648200,BBCA
2023-11-08,8950.0,9000.0,8900.0,9000.0,8755.501953125,31829300,BBCA
2023-11-09,8900.0,9050.0,8900.0,9000.0,8755.501953125,46076800,BBCA
2023-11-10,8950.0,9000.0,8825.0,8825.0,8585.2568359375,50754600,BBCA
2023-11-13,8875.0,8925.0,8850.0,8875.0,8633.8984375,20827700,BBCA
2023-11-14,8900.0,8950.0,8875.0,8925.0,8682.5400390625,37195700,BBCA
2023-11-15,8975.0,9050.0,8950.0,9050.0,8804.14453125,84977900,BBCA
2023-11-16,9050.0,9075.0,8950.0,9075.0,8828.46484375,48714300,BBCA
2023-11-17,9025.0,9075.0,8975.0,9075.0,8828.46484375,57050500,BBCA
2023-11-20,8975.0,9025.0,8875.0,8875.0,8633.8984375,49216000,BBCA
2023-11-21,8825.0,8900.0,8775.0,8775.0,8536.6142578125,107614800,BBCA
2023-11-22,8775.0,8875.0,8775.0,8875.0,8633.8984375,40364800,BBCA
2023-11-23,8850.0,8975.0,8850.0,8925.0,8682.5400390625,55542100,BBCA
2023-11-24,8925.0,8975.0,8900.0,8925.0,8682.5400390625,43631900,BBCA
2023-11-27,8900.0,8950.0,8875.0,8875.0,8633.8984375,35679000,BBCA
2023-11-28,8875.0,8950.0,8850.0,8875.0,8633.8984375,69070600,BBCA
2023-11-29,8900.0,8950.0,8900.0,8900.0,8658.21875,54715600,BBCA
2023-11-30,8925.0,8975.0,8900.0,8975.0,8731.181640625,205312100,BBCA
2023-12-01,8925.0,8975.0,8900.0,8950.0,8706.8603515625,80566400,BBCA
2023-12-04,8950.0,9025.0,8925.0,8925.0,8723.966796875,54747400,BBCA
2023-12-05,8950.0,8950.0,8825.0,8900.0,8699.529296875,94363900,BBCA
2023-12-06,8850.0,8950.0,8800.0,8800.0,8601.7822265625,81852800,BBCA
2023-12-07,8750.0,8825.0,8725.0,8825.0,8626.21875,91322500,BBCA
2023-12-08,8800.0,8850.0,8750.0,8750.0,8552.908203125,43891600,BBCA
2023-12-11,8675.0,8775.0,8675.0,8750.0,8552.908203125,78642800,BBCA
2023-12-12,8700.0,8750.0,8700.0,8700.0,8504.0341796875,87589300,BBCA
2023-12-13,8700.0,8750.0,8675.0,8675.0,8479.59765625,51560500,BBCA
2023-12-14,8775.0,9050.0,8750.0,9050.0,8846.150390625,115332800,BBCA
2023-12-15,9125.0,9225.0,9075.0,9225.0,9017.208984375,275013500,BBCA
2023-12-18,9200.0,9225.0,9150.0,9200.0,8992.7724609375,111712200,BBCA
2023-12-19,9125.0,9250.0,9125.0,9250.0,9041.6455078125,65174500,BBCA
2023-12-20,9250.0,9300.0,9225.0,9300.0,9090.51953125,72938100,BBCA
2023-12-21,9300.0,9325.0,9250.0,9325.0,9114.9560546875,88116700,BBCA
2023-12-22,9275.0,9350.0,9275.0,9325.0,9114.9560546875,64449600,BBCA
2023-12-27,9375.0,9400.0,9325.0,9375.0,9163.830078125,64464700,BBCA
2023-12-28,9325.0,9425.0,9325.0,9400.0,9188.267578125,70184600,BBCA
2023-12-29,9425.0,9450.0,9350.0,9400.0,9188.267578125,79903400,BBCA
2024-01-02,9400.0,9425.0,9350.0,9425.0,9212.7041015625,30545200,BBCA
2024-01-03,9425.0,9425.0,9325.0,9350.0,9139.3935546875,34603300,BBCA
2024-01-04,9400.0,9475.0,9375.0,9475.0,9261.578125,56501800,BBCA
2024-01-05,9500.0,9600.0,9475.0,9575.0,9359.3251953125,85290100,BBCA
2024-01-08,9600.0,9625.0,9475.0,9575.0,9359.3251953125,50896000,BBCA
2024-01-09,9600.0,9625.0,9575.0,9625.0,9408.19921875,59848600,BBCA
2024-01-10,9650.0,9650.0,9550.0,9550.0,9334.888671875,52774900,BBCA
2024-01-11,9625.0,9650.0,9575.0,9575.0,9359.3251953125,39381500,BBCA
2024-01-12,9650.0,9700.0,9600.0,9700.0,9481.509765625,68253400,BBCA
2024-01-15,9750.0,9750.0,9650.0,9725.0,9505.9462890625,88399500,BBCA
2024-01-16,9700.0,9750.0,9675.0,9700.0,9481.509765625,44869200,BBCA
2024-01-17,9750.0,9750.0,9650.0,9750.0,9530.3837890625,107706100,BBCA
2024-01-18,9675.0,9750.0,9625.0,9675.0,9457.0732421875,71048900,BBCA
2024-01-19,9775.0,9775.0,9600.0,9625.0,9408.19921875,63176500,BBCA
2024-01-22,9600.0,9650.0,9525.0,9625.0,9408.19921875,52868300,BBCA
2024-01-23,9450.0,9600.0,9450.0,9600.0,9383.76171875,92348600,BBCA
2024-01-24,9600.0,9600.0,9475.0,9525.0,9310.451171875,84906000,BBCA
2024-01-25,9450.0,9575.0,9450.0,9500.0,9286.0146484375,63212700,BBCA
2024-01-26,9400.0,9450.0,9300.0,9350.0,9139.3935546875,78977300,BBCA
2024-01-29,9400.0,9550.0,9375.0,9550.0,9334.888671875,73452800,BBCA
2024-01-30,9500.0,9650.0,9475.0,9650.0,9432.6357421875,73136400,BBCA
2024-01-31,9700.0,9700.0,9550.0,9550.0,9334.888671875,102581200,BBCA
2024-02-01,9650.0,9725.0,9575.0,9700.0,9481.509765625,104208700,BBCA
2024-02-02,9775.0,9800.0,9625.0,9700.0,9481.509765625,99324000,BBCA
2024-02-05,9675.0,9675.0,9525.0,9575.0,9359.3251953125,57983300,BBCA
2024-02-06,9750.0,9750.0,9625.0,9625.0,9408.19921875,87651000,BBCA
2024-02-07,9700.0,9725.0,9650.0,9700.0,9481.509765625,92953500,BBCA
2024-02-12,9750.0,9800.0,9700.0,9800.0,9579.2568359375,87949400,BBCA
2024-02-13,9750.0,9800.0,9700.0,9725.0,9505.9462890625,66072400,BBCA
2024-02-15,9950.0,9975.0,9850.0,9850.0,9628.130859375,164748900,BBCA
2024-02-16,9975.0,10000.0,9875.0,9950.0,9725.87890625,142277200,BBCA
2024-02-19,9900.0,9975.0,9825.0,9875.0,9652.5673828125,53341300,BBCA
2024-02-20,9850.0,10025.0,9850.0,10025.0,9799.189453125,63997700,BBCA
2024-02-21,9950.0,10000.0,9850.0,9975.0,9750.3154296875,75371600,BBCA
2024-02-22,9975.0,9975.0,9875.0,9875.0,9652.5673828125,66913000,BBCA
2024-02-23,9900.0,9925.0,9800.0,9825.0,9603.6943359375,55192300,BBCA
2024-02-26,9750.0,9875.0,9725.0,9800.0,9579.2568359375,41356000,BBCA
2024-02-27,9750.0,9900.0,9750.0,9875.0,9652.5673828125,43735800,BBCA
2024-02-28,9975.0,10000.0,9900.0,10000.0,9774.751953125,54043100,BBCA
2024-02-29,10000.0,10000.0,9850.0,9875.0,9652.5673828125,126671200,BBCA
2024-03-01,9900.0,9925.0,9800.0,9825.0,9603.6943359375,51520600,BBCA
2024-03-04,9800.0,9825.0,9750.0,9750.0,9530.3837890625,43822900,BBCA
2024-03-05,9900.0,9900.0,9775.0,9800.0,9579.2568359375,61952900,BBCA
2024-03-06,9900.0,10000.0,9775.0,9950.0,9725.87890625,70242200,BBCA
2024-03-07,10050.0,10175.0,10000.0,10125.0,9896.9365234375,118369300,BBCA
2024-03-08,10250.0,10300.0,10125.0,10150.0,9921.3740234375,100947200,BBCA
2024-03-13,10400.0,10400.0,10000.0,10000.0,9774.751953125,141622600,BBCA
2024-03-14,10050.0,10325.0,10025.0,10325.0,10092.431640625,110681100,BBCA
2024-03-15,10200.0,10300.0,10050.0,10150.0,9921.3740234375,154176800,BBCA
2024-03-18,10175.0,10275.0,10150.0,10150.0,9921.3740234375,62444100,BBCA
2024-03-19,10150.0,10250.0,10150.0,10175.0,9945.810546875,55004800,BBCA
2024-03-20,10100.0,10150.0,10075.0,10125.0,9896.9365234375,66269700,BBCA
2024-03-21,10175.0,10225.0,10050.0,10125.0,9896.9365234375,90279400,BBCA
2024-03-22,10000.0,10125.0,9950.0,10100.0,9872.5,91968200,BBCA
2024-03-25,10075.0,10075.0,9925.0,10075.0,10075.0,66971000,BBCA
2024-03-26,10050.0,10050.0,9950.0,10050.0,10050.0,65742700,BBCA
2024-03-27,10025.0,10075.0,10000.0,10075.0,10075.0,39514100,BBCA
2024-03-28,10025.0,10100.0,9975.0,10075.0,10075.0,79229700,BBCA
